Tag,QuestionsInDateRange
"c#","1563"
".net","1457"
"java","1100"
"asp.net","796"
"c++","723"
"javascript","604"
"sql-server","538"
"python","528"
"sql","476"
"php","472"
"windows","452"
"visual-studio","357"
"database","320"
"c","319"
"html","316"
"ruby","278"
"linux","248"
"xml","241"
"winforms","234"
"css","229"
"svn","219"
"performance","218"
"ruby-on-rails","217"
"mysql","217"
"vb.net","200"
"oracle","185"
"unit-testing","184"
"web-services","180"
"language-agnostic","179"
"version-control","176"
"user-interface","175"
"visual-studio-2008","173"
"algorithm","171"
"security","165"
"osx","164"
"wpf","157"
"multithreading","153"
"winapi","149"
"asp.net-mvc","138"
"eclipse","138"
"regex","137"
"debugging","137"
"testing","136"
"oop","135"
"jquery","130"
"perl","130"
"ajax","122"
"sharepoint","121"
"exception","119"
"design","116"
"flex","113"
"flash","111"
"string","107"
"design-patterns","105"
"delphi","102"
"tsql","102"
"apache","99"
"networking","98"
"optimization","94"
"iis","94"
"linq","93"
"web-applications","91"
"actionscript-3","87"
"wcf","85"
"ide","84"
"sql-server-2005","81"
"visual-studio-2005","81"
"database-design","78"
"unix","78"
"excel","77"
"ms-access","73"
"linq-to-sql","73"
"browser","71"
"command-line","71"
"validation","70"
"deployment","70"
"project-management","70"
"generics","69"
"http","69"
"windows-vista","69"
"parsing","69"
"iphone","68"
"internet-explorer","68"
"arrays","67"
".net-3.5","67"
"silverlight","67"
"scripting","65"
"firefox","65"
"bash","64"
"shell","64"
"email","63"
"image","63"
"emacs","63"
"coding-style","62"
"caching","61"
"architecture","61"
"vim","61"
"reflection","61"
"documentation","60"
"git","60"
"logging","59"
"visual-c++","59"
"file","59"
"compiler-construction","58"
"memory","56"
"postgresql","55"
"xslt","55"
"stored-procedures","55"
"authentication","55"
"date","55"
"graphics","55"
"configuration","54"
"reporting-services","53"
"tomcat","53"
"django","53"
"encryption","53"
"open-source","52"
".net-2.0","51"
"vb6","51"
"java-ee","50"
"math","50"
"serialization","50"
"nhibernate","50"
"collections","50"
"mfc","50"
"tfs","50"
"events","49"
"ssl","49"
"api","49"
"gcc","48"
"asp-classic","48"
"installation","48"
"objective-c","47"
"jsp","47"
"hibernate","47"
"swing","47"
"search","46"
"editor","46"
"dom","46"
"cocoa","46"
"asp.net-ajax","46"
"sockets","45"
"rest","45"
"embedded","45"
"com","45"
"cross-platform","45"
"data-binding","44"
"frameworks","44"
"datetime","44"
"functional-programming","44"
"unicode","43"
"batch-file","43"
"windows-xp","43"
"automation","43"
"templates","43"
"pdf","42"
"windows-mobile","42"
"audio","42"
"data-structures","42"
"tdd","42"
"orm","41"
"lisp","41"
"stl","41"
"filesystems","40"
"refactoring","40"
"installer","40"
"excel-vba","40"
"list","40"
"soap","40"
"session","40"
"file-io","40"
"build-process","39"
"model-view-controller","39"
"url","38"
"build-automation","38"
"random","38"
"agile","38"
"memory-management","37"
"spring","37"
"webforms","36"
"mobile","36"
"dll","36"
"process","36"
"sorting","35"
"formatting","35"
"actionscript","35"
"encoding","35"
"class","35"
"continuous-integration","34"
"video","34"
"outlook","33"
"operating-system","33"
"interface","33"
"64bit","33"
"function","33"
"diff","32"
"windows-installer","32"
"xaml","32"
"namespaces","32"
"json","31"
"tcp","31"
"indexing","31"
"ado.net","30"
"active-directory","30"
"tortoisesvn","30"
"inheritance","30"
"automated-tests","30"
"time","30"
"internationalization","30"
"forms","30"
"programming-languages","29"
"hardware","29"
"servlets","29"
"controls","29"
"profiling","29"
"vmware","29"
"vba","29"
"comparison","29"
"assembly","28"
"powershell","28"
"xpath","28"
"code-review","28"
"merge","28"
"interop","28"
"maven-2","28"
"hash","28"
"sqlite","28"
"plugins","28"
"enums","27"
"mocking","27"
"msbuild","27"
"jsf","27"
"console","27"
"google-chrome","27"
"resources","27"
"vbscript","27"
"mono","27"
"exception-handling","27"
"user-controls","27"
"moss","27"
"sysadmin","27"
"passwords","26"
"syntax","26"
"rss","26"
"xsd","26"
"openid","26"
"productivity","26"
"error-handling","26"
"linker","26"
"monitoring","26"
"ms-office","26"
"internet-explorer-6","26"
"opengl","26"
"ant","25"
"cvs","25"
"fonts","25"
"reporting","25"
"build","25"
"java-me","25"
"ubuntu","25"
"inversion-of-control","25"
"compact-framework","25"
"ftp","24"
"datagridview","24"
"https","24"
"dictionary","24"
"types","24"
"qt","24"
"windows-services","24"
"cryptography","24"
"ms-word","24"
"cookies","24"
"backup","24"
"reference","24"
"layout","24"
"visual-sourcesafe","24"
"google-app-engine","23"
"pointers","23"
"naming-conventions","23"
"asynchronous","23"
"keyboard-shortcuts","23"
"transactions","23"
"utf-8","23"
"solaris","23"
"smtp","23"
"full-text-search","23"
"iis-6","23"
"keyboard","22"
"vi","22"
"registry","22"
"memory-leaks","22"
"concurrency","22"
"desktop","22"
"dns","22"
"path","22"
"migration","22"
"garbage-collection","21"
"proxy","21"
"geometry","21"
"coldfusion","21"
"prototypejs","21"
"schema","21"
"xhtml","21"
"windows-server-2003","21"
"software-engineering","21"
"virtualization","21"
"cakephp","21"
"vxworks","21"
"entity-framework","20"
"branch","20"
"routing","20"
"licensing","20"
"listview","20"
"crash","20"
"workflow","20"
"service","20"
"c-preprocessor","20"
"io","20"
"statistics","20"
"x86","20"
"floating-point","20"
"attributes","20"
"resharper","20"
"theory","20"
"versioning","20"
"crystal-reports","20"
"code-generation","20"
"localization","19"
"bug-tracking","19"
"mp3","19"
"ssis","19"
"report","19"
"f#","19"
"sql-server-2000","19"
"jvm","19"
"gdb","19"
"3d","19"
"assemblies","19"
"cross-browser","19"
"makefile","19"
"text","19"
"activerecord","19"
"lambda","19"
"development-environment","19"
"text-editor","19"
"remoting","19"
"charts","19"
"usability","18"
"network-programming","18"
"nant","18"
"plsql","18"
"netbeans","18"
"casting","18"
"object","18"
"variables","18"
"scalability","18"
"csv","18"
"xcode","18"
"scrum","18"
"iframe","18"
"uml","18"
"drupal","18"
"haskell","18"
"calendar","18"
"synchronization","18"
"header","18"
"comments","17"
"cocoa-touch","17"
"castle-windsor","17"
"properties","17"
"icons","17"
"odbc","17"
"import","17"
"wmi","17"
"stream","17"
"graph","17"
"kernel","17"
"sql-injection","17"
"applet","17"
"internet-explorer-7","16"
"computer-science","16"
"parameters","16"
"mod-rewrite","16"
"iis-7","16"
"dataset","16"
"cmd","16"
"webserver","16"
"activex","16"
"compilation","16"
"xna","16"
"code-analysis","16"
"tags","16"
"printing","16"
"triggers","16"
"integration-testing","16"
"replication","16"
"loops","16"
"dependencies","16"
"image-manipulation","16"
"download","16"
"permissions","16"
"dependency-injection","15"
"autocomplete","15"
"seo","15"
"textbox","15"
"join","15"
"junit","15"
"jboss","15"
"perforce","15"
"jdbc","15"
"file-upload","15"
"macros","15"
"standards","15"
"recursion","15"
"search-engine","15"
"groovy","15"
"wordpress","15"
"components","15"
"viewstate","15"
"exchange-server","14"
"gtk","14"
"website","14"
"compression","14"
"clickonce","14"
"cygwin","14"
"sql-server-2008","14"
"gis","14"
"colors","14"
"static-analysis","14"
"air","14"
"vsto","14"
"obfuscation","14"
"jpa","14"
"integration","14"
"hosting","14"
"bit-manipulation","14"
"locking","14"
"safari","14"
"common-lisp","14"
"jar","14"
"screen-scraping","14"
"selenium","14"
"web-parts","14"
"cruisecontrol.net","14"
"project-planning","14"
"singleton","14"
"windbg","14"
"clr","14"
"wiki","14"
"code-snippets","13"
"binary","13"
"terminal","13"
"wysiwyg","13"
"annotations","13"
"treeview","13"
"metrics","13"
"delegates","13"
"focus","13"
"methods","13"
"data-access","13"
"methodology","13"
"xss","13"
"zip","13"
"ejb","13"
"access-vba","13"
"nunit","13"
"gridview","13"
"soa","13"
"guid","13"
"iterator","13"
"rendering","13"
"struct","13"
"nlp","13"
"eclipse-plugin","13"
"windows-server-2008","13"
"boost","13"
"c++-faq","13"
"eclipse-3.4","13"
"gdi+","13"
"mercurial","13"
"drop-down-menu","13"
"lucene","13"
"artificial-intelligence","13"
"adobe","12"
"directx","12"
"c++-cli","12"
"scheme","12"
"animation","12"
"administration","12"
"ipc","12"
"struts","12"
"dvcs","12"
"http-headers","12"
"matlab","12"
"terminology","12"
"postback","12"
"puzzle","12"
"code-coverage","12"
"ldap","12"
"infopath","12"
"qa","12"
"add-in","12"
"image-processing","12"
"directory","12"
"erlang","12"
"cron","12"
"jstl","12"
"callback","12"
"x11","12"
"wsdl","12"
"file-format","12"
"ios","12"
"post","12"
"xml-serialization","12"
"compatibility","12"
"blogs","12"
"maintenance","12"
"operators","12"
"xml-rpc","11"
"metaprogramming","11"
"scriptaculous","11"
".htaccess","11"
"text-files","11"
"user","11"
"cgi","11"
"naming","11"
"html-select","11"
"workflow-foundation","11"
"language-design","11"
"ganymede","11"
"zend-framework","11"
"udp","11"
"copy","11"
"gwt","11"
"grails","11"
"content-management-system","11"
"streaming","11"
"db2","11"
"communication","11"
"module","11"
"timer","11"
"dialog","11"
"2d","11"
"mime","11"
"websphere","11"
"reverse-engineering","11"
"escaping","11"
"custom-server-controls","11"
"packages","11"
"svg","11"
"datagrid","11"
"configuration-files","11"
"legacy","11"
"usb","11"
"login","11"
"ascii","11"
"rhino-mocks","11"
"windows-ce","11"
"yui","11"
"redirect","11"
"ssh","11"
"png","10"
"ksh","10"
"drag-and-drop","10"
"openssl","10"
"log4j","10"
"flexbuilder","10"
"tree","10"
"complexity-theory","10"
"command","10"
"model","10"
"certificate","10"
"timezone","10"
"lua","10"
"navigation","10"
"reportviewer","10"
"syntax-highlighting","10"
"stack-trace","10"
"constructor","10"
"rubygems","10"
"gdi","10"
"cpu","10"
"process-management","10"
"export","10"
"markdown","10"
"semantic-web","10"
"scope","10"
"diagram","10"
"load-balancing","10"
"upgrade","10"
"semantics","10"
"web-config","10"
"html-table","10"
"xquery","10"
"biztalk","10"
"switch-statement","10"
"cpan","10"
"try-catch","10"
"markup","10"
"pdf-generation","10"
"vc6","10"
"listbox","10"
"closures","10"
"containers","10"
"menu","10"
"asp.net-2.0","10"
"debian","9"
"ip-address","9"
"css-selectors","9"
"null","9"
"warnings","9"
"release-management","9"
"toad","9"
"signals","9"
"ironpython","9"
"unmanaged","9"
"tabs","9"
"pagination","9"
"intellij-idea","9"
"stack","9"
"sql-server-ce","9"
"olap","9"
"environment","9"
"master-pages","9"
"accessibility","9"
"language-features","9"
"projects-and-solutions","9"
"osx-leopard","9"
"seam","9"
"multiple-monitors","9"
"mouse","9"
"pinvoke","9"
"applescript","9"
"content-type","9"
"newline","9"
"system-administration","9"
"messaging","9"
"uac","9"
"combobox","9"
"redhat","9"
"metadata","9"
"graph-theory","9"
"tkinter","9"
"const","9"
"ibm-midrange","9"
"posix","9"
"direct3d","9"
"domain-driven-design","9"
"log4net","9"
"facebook","9"
"constraints","9"
"enterprise-library","9"
"single-sign-on","9"
"dsl","9"
"swt","9"
"oledb","9"
"foreach","9"
"msmq","9"
"jms","9"
"pdo","8"
"operator-overloading","8"
"specifications","8"
"window","8"
"executable","8"
"phpunit","8"
"extension-methods","8"
"wxwidgets","8"
"code-reuse","8"
"deadlock","8"
"jruby","8"
"maps","8"
"release","8"
"integer","8"
"hashtable","8"
"iteration","8"
"pocketpc","8"
"mongrel","8"
"visualization","8"
"repeater","8"
"interpreter","8"
"connection-pooling","8"
"static","8"
"install","8"
"heap","8"
"globalization","8"
"mapping","8"
"scheduled-tasks","8"
"timeout","8"
"datatable","8"
"themes","8"
"elisp","8"
"replace","8"
"intellisense","8"
"modeling","8"
"recovery","8"
"hook","8"
"quotes","8"
"ironruby","8"
"javadoc","8"
"drivers","8"
"time-management","8"
"rtos","8"
"dynamic-data","8"
"nsis","8"
"mutex","8"
"principles","8"
"wss","8"
"rdbms","8"
"dotnetnuke","8"
"apache2","8"
"hidden-features","8"
"clone","8"
"estimation","8"
"pthreads","8"
"memcached","8"
"hard-drive","8"
"android","8"
"dynamic-languages","8"
"sms","8"
"resize","8"
"embed","8"
"webdav","8"
"serial-port","8"
"aix","8"
"sap","8"
"distributed","8"
"portability","8"
"constants","8"
"command-line-interface","7"
"bytecode","7"
"actionscript-2","7"
"gnu","7"
"rcp","7"
"web-crawler","7"
"cakephp-1.2","7"
"fogbugz","7"
"jpeg","7"
"greasemonkey","7"
"gmail","7"
"nullable","7"
"xul","7"
"callstack","7"
"database-connection","7"
"exe","7"
"foxpro","7"
"hex","7"
"storage","7"
"c++11","7"
"native","7"
"data-access-layer","7"
"business-intelligence","7"
"upload","7"
"google-maps","7"
"insert","7"
"xmpp","7"
"collaboration","7"
"firebug","7"
"boolean","7"
"assert","7"
"customization","7"
"pipe","7"
"physics","7"
"vector","7"
"virtual-machine","7"
"benchmarking","7"
"split","7"
"concatenation","7"
"trac","7"
"cil","7"
"ssms","7"
"starteam","7"
"powerpoint","7"
"extjs","7"
"rtf","7"
"hashmap","7"
"virtual-pc","7"
"mime-types","7"
"profiler","7"
"e-commerce","7"
"grep","7"
"rdf","7"
"gac","7"
"sdlc","7"
"dynamic","7"
"signal-processing","7"
"disk","7"
"scroll","7"
"aop","7"
"ms-dos","7"
"imap","7"
"blob","7"
"media","7"
"tfs2008","7"
"runtime","7"
"projects","7"
"requirements","7"
"version","7"
"innodb","7"
"linq-to-entities","7"
"struts2","7"
"forms-authentication","7"
"wix","7"
"styles","7"
"blackberry","7"
"user-input","7"
"music","7"
"widget","7"
"desktop-application","7"
"control","7"
"decompiling","7"
"glassfish","6"
"protection","6"
"impersonation","6"
"subclipse","6"
"firebird","6"
"transparency","6"
"r","6"
"reportingservices-2005","6"
"connection-string","6"
"smart-pointers","6"
"latex","6"
"inno-setup","6"
"query-string","6"
"url-rewriting","6"
"printf","6"
"dispose","6"
"scala","6"
"button","6"
"wxpython","6"
"testing-strategies","6"
"virtual-functions","6"
"gnupg","6"
"locale","6"
"friendly-url","6"
"stdmap","6"
"mysqldump","6"
"class-design","6"
"using","6"
"clipboard","6"
"oracle10g","6"
"state","6"
"real-time","6"
"roles","6"
"visio","6"
"sybase","6"
"jetty","6"
"dojo","6"
"delphi-2009","6"
"classpath","6"
"ip","6"
"jython","6"
"rspec","6"
"readability","6"
"hotkeys","6"
"drawing","6"
"numbers","6"
"d","6"
"lazy-loading","6"
"filtering","6"
"character","6"
"flv","6"
"system","6"
"sql-server-express","6"
"pear","6"
"folders","6"
"email-integration","6"
"error-reporting","6"
"webkit","6"
"twitter","6"
"capistrano","6"
"arguments","6"
"enumeration","6"
"remote-debugging","6"
"crm","6"
"truncate","6"
"for-loop","6"
"hyper-v","6"
"connection","6"
"bandwidth","6"
"lotus-notes","6"
"ado","6"
"cluster-computing","6"
"ergonomics","6"
"raii","6"
"relational","6"
"dtd","6"
"spell-checking","6"
"chm","6"
"software-distribution","6"
"camera","6"
"codeigniter","6"
"input","6"
"multicore","6"
"return","6"
"rdlc","6"
"utilities","6"
".net-1.1","6"
"bluetooth","6"
"ffmpeg","6"
"devtools","6"
"visual-studio-2003","6"
"curl","6"
"privileges","6"
"sqlplus","6"
"character-encoding","6"
"polymorphism","6"
"conditional","6"
"matrix","6"
"httphandler","6"
"rmi","6"
"aes","6"
"packaging","6"
"big-o","6"
"uri","6"
"mediawiki","6"
"ria","6"
"asp.net-1.1","6"
"client","6"
"protocols","5"
"generator","5"
"temp-tables","5"
"sdl","5"
"xmlhttprequest","5"
"pylons","5"
"include","5"
"rpc","5"
"web-hosting","5"
"event-log","5"
"select","5"
"task","5"
"wget","5"
"centos","5"
"wcsf","5"
"queue","5"
"aggregate","5"
"bugzilla","5"
"stress-testing","5"
"iis-5","5"
"lighttpd","5"
"sed","5"
"scaling","5"
"solid-principles","5"
"currency","5"
"porting","5"
"editing","5"
"webcam","5"
"visual-foxpro","5"
"web-user-controls","5"
"axis","5"
"image-capture","5"
"mobile-phones","5"
"malloc","5"
"equals","5"
"format","5"
"timestamp","5"
"ssas","5"
"gps","5"
"exif","5"
"repository","5"
"sql-update","5"
"views","5"
"if-statement","5"
"c++builder","5"
"file-permissions","5"
"parallel-processing","5"
"whitespace","5"
"stdout","5"
"linq-to-objects","5"
"breakpoints","5"
"bsd","5"
"translation","5"
"quicktime","5"
"informix","5"
"remote-desktop","5"
"geocoding","5"
"lamp","5"
"filenames","5"
"indentation","5"
"textarea","5"
"jni","5"
"bulkinsert","5"
"vps","5"
"bazaar","5"
"scheduling","5"
"persistence","5"
"enterprise","5"
"global","5"
"firewall","5"
"profile","5"
"git-svn","5"
"converter","5"
"nested","5"
"network-protocols","5"
"virtualbox","5"
"classloader","5"
"cruisecontrol","5"
"ocaml","5"
"multilingual","5"
"street-address","5"
"msdn","5"
"maven-plugin","5"
"legacy-code","5"
"microcontroller","5"
"device","5"
"sitemap","5"
"textmate","5"
"jndi","5"
"asterisk","5"
"hyperlink","5"
"x509","5"
"list-comprehension","5"
"key","5"
"restore","5"
"copy-paste","5"
"popup","5"
"snmp","5"
"map","5"
"eclipse-pdt","5"
"idisposable","5"
"paging","5"
"mbunit","5"
"ibatis","5"
"guile","5"
"captcha","5"
"glossary","5"
"page-lifecycle","5"
"user-experience","5"
"thumbnails","5"
"multidimensional-array","5"
"visual-studio-express","5"
"spreadsheet","5"
"screenshot","5"
"office-2007","5"
"hudson","5"
"checksum","5"
"podcast","5"
"code-search-engine","5"
"np-complete","5"
"kerberos","5"
"awt","5"
"large-files","5"
"barcode","5"
"sftp","5"
"tiff","5"
"cobol","5"
"daemon","5"
"bitmap","5"
"teamwork","5"
"initialization","5"
"ntlm","5"
"outlook-vba","5"
"arraylist","5"
"conventions","5"
"email-spam","5"
"performancecounter","5"
"eval","5"
"g++","5"
"localhost","5"
"cascade","5"
"hql","5"
"designer","5"
"weblogic","5"
"updatepanel","5"
"sudo","5"
"unique","5"
"mips","4"
"cubes","4"
"probability","4"
"shared-hosting","4"
"jaxb","4"
"cassini","4"
"bookmarklet","4"
"unc","4"
"aptana","4"
"atomic","4"
"reflector","4"
"objectdatasource","4"
"xpcom","4"
"cluster-analysis","4"
"symbian","4"
"mapi","4"
"directory-structure","4"
"checkbox","4"
"text-to-speech","4"
"doxygen","4"
"size","4"
"data-migration","4"
"fckeditor","4"
"ooad","4"
"state-machines","4"
"font-size","4"
"com-interop","4"
"z-index","4"
"esb","4"
"palm-os","4"
"ini","4"
"google-analytics","4"
"ntfs","4"
"bots","4"
"data-warehouse","4"
"versions","4"
"sqlalchemy","4"
"pygtk","4"
"feeds","4"
"mef","4"
"favicon","4"
"icalendar","4"
"text-processing","4"
"dbf","4"
"couchdb","4"
"equality","4"
"shared-libraries","4"
"provider","4"
"view","4"
"cuda","4"
"haml","4"
"cursor","4"
"resolution","4"
"ping","4"
"membership","4"
"high-availability","4"
"freebsd","4"
"numerical","4"
"application-blocks","4"
"webmethods","4"
"mshtml","4"
"const-correctness","4"
"infragistics","4"
"puremvc","4"
"joomla","4"
"passphrase","4"
"sharding","4"
"buffer","4"
"jquery-ui","4"
"vmware-server","4"
"pivot-table","4"
"alias","4"
"fedora","4"
"gnu-screen","4"
"binding","4"
"fastcgi","4"
"knowledge-management","4"
"sleep","4"
"tuples","4"
"activemq","4"
"gui-designer","4"
"flush","4"
"spam-prevention","4"
"samba","4"
"subsonic","4"
"iqueryable","4"
"webrequest","4"
"code-organization","4"
"ikvm","4"
"rsync","4"
"smalltalk","4"
"diskspace","4"
"amazon-s3","4"
"case-sensitive","4"
"birt","4"
"memory-dump","4"
"production","4"
"logic","4"
"kill","4"
"xml-comments","4"
"set","4"
"velocity","4"
"cdt","4"
"umbraco","4"
"data-transfer","4"
"devexpress","4"
"load","4"
"business-objects","4"
"plc","4"
"dynamic-language-runtime","4"
"internet-explorer-8","4"
"google-search","4"
"blazeds","4"
"spring.net","4"
"inline-functions","4"
"richfaces","4"
"sequences","4"
"expression-blend","4"
"powerpoint-vba","4"
"touchscreen","4"
"emulator","4"
"datediff","4"
"jit","4"
"tracking","4"
"center","4"
"openoffice.org","4"
"watin","4"
"clearcase","4"
"acl","4"
"wscript","4"
"revision","4"
"error-logging","4"
"positioning","4"
"jtable","4"
"webbrowser-control","4"
"port","4"
"fxcop","4"
"pgp","4"
"maintainability","4"
"compiler-errors","4"
"managed","4"
"embedded-database","4"
"dvd","4"
"boost-asio","4"
"collation","4"
"conflict","4"
"settings","4"
"visual-c++-2005","4"
"labview","4"
"rsa","4"
"rake","4"
"tinymce","4"
"sharepoint-2007","4"
"gwt-ext","4"
"try-catch-finally","4"
".net-3.0","4"
"type-conversion","4"
"controller","4"
"standards-compliance","4"
"semaphore","4"
"authorization","4"
"midp","4"
"development-process","4"
"cellphone","4"
"mxml","4"
"shortcuts","4"
"code-signing","4"
"normalizing","4"
"mootools","4"
"grammar","4"
"code-duplication","4"
"amazon-ec2","4"
"citrix","4"
"analysis","4"
"sqlconnection","4"
"sdk","4"
"cryptoapi","4"
"rename","4"
"mstest","4"
"snapshot","4"
"dcom","4"
"sql-loader","4"
"undo","4"
"model-driven","4"
"interface-builder","4"
"telephony","4"
"java-web-start","4"
"linq-to-xml","4"
"thread-safety","4"
"tooltip","4"
"coredump","4"
"type-inference","4"
"telnet","4"
"gnuplot","4"
"rpm","4"
"ejb-3.0","4"
"dynamic-css","4"
"firefox-3","4"
"boo","4"
"atl","4"
"audit","4"
"modal-dialog","4"
"midlet","4"
"topology","4"
"duplicate-data","4"
"gnome","3"
"timing","3"
"groups","3"
"access-control","3"
"code-smell","3"
"team-build","3"
"java-ee-5","3"
"monkeypatching","3"
"business-logic","3"
"numpy","3"
"eruby","3"
"margin","3"
"privacy","3"
"squid","3"
"lexical-analysis","3"
"whois","3"
"iso8601","3"
"vector-graphics","3"
"idioms","3"
"opengl-es","3"
"signing","3"
"fitnesse","3"
"marshalling","3"
"element","3"
"eclipse-pde","3"
"masm","3"
"html-content-extraction","3"
"xml-namespaces","3"
"uninstall","3"
"html-encode","3"
"regression-testing","3"
"filedialog","3"
"raytracing","3"
"tortoisehg","3"
"managed-c++","3"
"taglib","3"
"wamp","3"
"css-tables","3"
"beautifier","3"
"exists","3"
"global-asax","3"
"tiles","3"
"arcgis-js-api","3"
"amazon-simpledb","3"
"stylecop","3"
"rpgle","3"
"shutdown","3"
"winsock","3"
"global-variables","3"
"zoom","3"
"python-2.x","3"
"quickbooks","3"
"tap","3"
"server-side","3"
"notifications","3"
"hp-ux","3"
"scp","3"
"symlink","3"
"auto-update","3"
"ports","3"
"worksheet","3"
"correctness","3"
"recommendation-engine","3"
"vsx","3"
"back-button","3"
"toolbar","3"
"terracotta","3"
"domain-name","3"
"fortran","3"
"distinct","3"
"yaml","3"
"criteria","3"
"bookmarks","3"
"castle","3"
"code-migration","3"
"vnc","3"
"number-formatting","3"
"machine-learning","3"
"stdstring","3"
"facelets","3"
"function-pointers","3"
"textmatching","3"
"latency","3"
"dos","3"
"scanf","3"
"silverlight-2.0","3"
"smb","3"
"line-breaks","3"
"measurement","3"
"data-protection","3"
"mozilla","3"
"propertygrid","3"
"video-capture","3"
"kvm","3"
"extensibility","3"
"tagging","3"
"php-gtk","3"
"precision","3"
"html-form","3"
"finance","3"
"command-line-arguments","3"
"jta","3"
"pdb-files","3"
"google-visualization","3"
"traceroute","3"
"contextmenu","3"
"culture","3"
"ribbon","3"
"web-deployment-project","3"
"autotools","3"
"html-helper","3"
"crud","3"
"eclipse-3.3","3"
"pipeline","3"
"openxml","3"
"platform-builder","3"
"permalinks","3"
"structuremap","3"
"overlay","3"
"odp.net","3"
"nokia","3"
"shared","3"
"berkeley-db","3"
"magic-numbers","3"
"coalesce","3"
"automake","3"
"wmp","3"
"docbook","3"
"chat","3"
"out-of-memory","3"
"radio-button","3"
"patch","3"
"mnesia","3"
"sniffing","3"
"sqlclr","3"
"finalbuilder","3"
"heuristics","3"
"fork","3"
"visual-assist","3"
"load-testing","3"
"jira","3"
"grouping","3"
"sizeof","3"
"research","3"
"mvp","3"
"normalization","3"
"cyclomatic-complexity","3"
"drools","3"
"code-formatting","3"
"conditional-compilation","3"
"fuzzy-search","3"
"exec","3"
"etl","3"
"http-status-code-403","3"
"wtl","3"
"portal","3"
"cloud","3"
"watermark","3"
"jcombobox","3"
"partitioning","3"
"alphablending","3"
"javafx","3"
"openfiledialog","3"
"identicon","3"
"mdi","3"
"member","3"
"episerver","3"
"volatile","3"
"bytearray","3"
"imagemagick","3"
"mysql-management","3"
"activescaffold","3"
"combinators","3"
"dynamics-crm-4","3"
"binary-tree","3"
"prompt","3"
"glade","3"
"cognos","3"
"comma-operator","3"
"timespan","3"
"ole","3"
"textures","3"
"overloading","3"
"range","3"
"invalid-characters","3"
"duplicates","3"
"allocation","3"
"maze","3"
"fullscreen","3"
"appdomain","3"
"limits","3"
"http-post","3"
"encapsulation","3"
"inner-join","3"
"dreamweaver","3"
"pop3","3"
"progress-bar","3"
"google-api","3"
"hidden","3"
"point","3"
"image-scaling","3"
"aac","3"
"cisco","3"
"elevation","3"
"debugbreak","3"
"override","3"
"connectivity","3"
"firefox-addon","3"
"jsp-tags","3"
"sqlanywhere","3"
"error-suppression","3"
"dry","3"
"castle-activerecord","3"
"covariance","3"
"speech-recognition","3"
"saas","3"
"shader","3"
"account","3"
"distribution","3"
"virtual-serial-port","3"
"background","3"
"app-store","3"
"gtk#","3"
"mysqli","3"
"sse","3"
"atom","3"
"pair-programming","3"
"grid","3"
"finite-automata","3"
"window-managers","3"
"mod-perl","3"
"xunit","3"
"wsh","3"
"xls","3"
"expression","3"
"wsgi","3"
"push","3"
"fstream","3"
"python-import","3"
"subversive","3"
"ddl","3"
"rmagick","3"
"sqlprofiler","3"
"frontend","3"
"pretty-print","3"
"case","3"
"metaclass","3"
"release-cycle","3"
"mdx","3"
"string-concatenation","3"
"wine","3"
"robotics","3"
"session-state","3"
"cross-server","3"
"factory","3"
"flags","3"
"xmlnode","3"
"python-module","3"
"core-animation","3"
"comet","3"
"user-stories","3"
"endianness","3"
"ticket-system","3"
"offline","3"
"ada","3"
"jconsole","3"
"xen","3"
"fault-tolerance","3"
"n-tier","3"
"gnuradio","3"
"dts","3"
"api-design","3"
"garnet-os","3"
"gecko","3"
"nginx","3"
"haxe","3"
"amf","3"
"information-retrieval","3"
"modulo","3"
"p2p","3"
"vpn","3"
"user-defined-functions","3"
"irb","3"
"dotnetopenauth","3"
"cherrypy","3"
"shell32","3"
"routes","3"
"arm","3"
"ibm","3"
"32-bit","3"
"awk","3"
"officedev","3"
"sun","3"
"sendmail","3"
"cck","3"
"qt-jambi","3"
"dto-mapping","3"
"gentoo","3"
"binaryfiles","3"
"computer-vision","3"
"reverse-dns","3"
"homebrew","3"
"bit-fields","3"
"jmx","3"
"destructor","3"
"amazon-web-services","3"
"extreme-programming","3"
"tfsbuild","3"
"clojure","3"
"scientific-computing","3"
"microformats","3"
"spring-webflow","3"
"http-authentication","3"
"startupscript","3"
"owl","3"
"add-on","3"
"updating","3"
"antivirus","3"
"external","3"
"symbols","3"
"middleware","3"
"memoization","3"
"class-library","3"
"html5","3"
"downloading","3"
"installshield","3"
"ncover","3"
"base","3"
"point-of-sale","3"
"asp.net-membership","3"
"latitude-longitude","3"
"amazon","3"
"http-status-code-404","3"
"gem","3"
"environment-variables","3"
"xslt-1.0","3"
"lgpl","3"
"sanitization","3"
"reflection.emit","3"
"core-data","3"
"codeplex","3"
"compare","3"
"subprocess","3"
"reboot","3"
"c99","3"
"definition","3"
"gpgpu","3"
"threadpool","3"
"overflow","3"
"feature-driven","3"
"google-calendar","3"
"transform","3"
"mingw","3"
"windows-explorer","3"
"notepad++","3"
"syslog","3"
"multipartform-data","3"
"repository-pattern","3"
"dhtml","3"
"polyglot","3"
"border","3"
"prototyping","3"
"httpmodule","3"
"ms-access-2007","3"
"lwp","3"
"entity-relationship","3"
"browser-history","3"
"scrollbar","3"
"resx","3"
"strong-typing","3"
"scheduler","3"
"linked-server","3"
"spaces","3"
"wireless","3"
"verilog","3"
"ssrs-2008-r2","3"
"dhcp","3"
"sharepoint-designer","2"
"automatic-properties","2"
"baml","2"
"datarepeater","2"
"xbox360","2"
"wchar-t","2"
"javac","2"
"turbogears","2"
"system.drawing","2"
"qtp","2"
"kiosk","2"
"interrupt","2"
"jax-rs","2"
"xmldocument","2"
"il","2"
"memorystream","2"
"radiobuttonlist","2"
"varchar","2"
"windows-server-2000","2"
"aquamacs","2"
"octave","2"
"web-testing","2"
"sandbox","2"
"tquery","2"
"sql-server-agent","2"
"field","2"
"richtext","2"
"ontology","2"
"segmentation-fault","2"
"paradox","2"
"sass","2"
"tortoisecvs","2"
"wildcard","2"
"callable","2"
"windows-update","2"
"typedef","2"
"web-controls","2"
"yahoo-pipes","2"
"rxtx","2"
"wrap","2"
"time-series","2"
"wse2.0","2"
"gradient","2"
"table-structure","2"
"cx-oracle","2"
"system-monitoring","2"
"sticky-footer","2"
"animated-gif","2"
"flashvars","2"
"mod-deflate","2"
"squeak","2"
"mantis","2"
"zxspectrum","2"
"env","2"
"md5","2"
"x86-64","2"
"emulation","2"
"helpfile","2"
"prism","2"
"failover","2"
"fujitsu","2"
"gallio","2"
"bit-shift","2"
"strategy-pattern","2"
"yahoo","2"
"anti-patterns","2"
"temporary-files","2"
"sax","2"
"procfs","2"
"ram","2"
"libraries","2"
"session-variables","2"
"simulink","2"
"slime","2"
"gateway","2"
"client-scripting","2"
"system.configuration","2"
"stub","2"
"spring-ws","2"
"recursive-query","2"
"sapi","2"
"cut","2"
"subquery","2"
"highlighting","2"
"record","2"
"client-applications","2"
"accordionpane","2"
"cfc","2"
"twain","2"
"intersection","2"
"keyword","2"
"richedit","2"
"urlrequest","2"
"slickedit","2"
"asp.net-profiles","2"
"configure","2"
"trim","2"
"whitelist","2"
"cups","2"
"bezier","2"
"distutils","2"
"bufferedinputstream","2"
"ocx","2"
"system.diagnostics","2"
"google-cloud-datastore","2"
"sharpdevelop","2"
"esx","2"
"doctype","2"
"default","2"
"scriptmanager","2"
"relative-path","2"
"hta","2"
"tcsh","2"
"trigonometry","2"
"double-dispatch","2"
"reverseprojection","2"
"data-storage","2"
"edi","2"
"python-internals","2"
"name-mangling","2"
"regex-negation","2"
"smarty","2"
"git-branch","2"
"prng","2"
"xdebug","2"
"fopen","2"
"rdl","2"
"accounting","2"
"prototype","2"
"network-share","2"
"internals","2"
"idl","2"
"technical-debt","2"
"visual-studio-addins","2"
"backend","2"
"paint","2"
"dataflow","2"
"osdev","2"
"black-box","2"
"jscript","2"
"openssh","2"
"t4","2"
"event-handling","2"
"chuck","2"
"double","2"
"avr","2"
"dataview","2"
"xrange","2"
"llblgenpro","2"
"logarithm","2"
"preprocessor","2"
"drm","2"
"bind","2"
"pywin32","2"
"helper","2"
"file-descriptor","2"
"system-tray","2"
"uuid","2"
"fluent","2"
"ssrs-2008","2"
"startup","2"
"fps","2"
"tk","2"
"moose","2"
"abstraction","2"
"pid","2"
"fixed-point","2"
"xbap","2"
"intel","2"
"code-injection","2"
"inner-classes","2"
"opc","2"
"wizard","2"
"count","2"
"tostring","2"
"lcdui","2"
"smartclient","2"
"hex-editors","2"
"history","2"
"xcode3.1","2"
"metric","2"
"bin-packing","2"
"distributed-caching","2"
"tablet-pc","2"
"vista64","2"
"type-systems","2"
"elapsed","2"
"toolkit","2"
"group","2"
"traceback","2"
"corporate","2"
"msdtc","2"
"csrf","2"
"brew","2"
"id3","2"
"ls","2"
"wireframe","2"
"parameter-passing","2"
"goto","2"
"multilanguage","2"
"sample","2"
"xpo","2"
"review","2"
"derby","2"
"buffer-overrun","2"
"filtered-lookup","2"
"navision","2"
"dynamics-crm","2"
"referential-integrity","2"
"manpage","2"
"coupling","2"
"mfc-feature-pack","2"
"table-driven","2"
"dd","2"
"relative","2"
"design-by-contract","2"
"rational","2"
"business-logic-layer","2"
"hash-code-uniqueness","2"
"dump","2"
"waterfall","2"
"nfs","2"
"castle-monorail","2"
"click","2"
"httpclient","2"
"planerotation","2"
"blindness","2"
"vcl","2"
"binary-operators","2"
"filesystemwatcher","2"
"mobile-website","2"
"itunes","2"
"restful-authentication","2"
"datamapper","2"
"extract","2"
"serial-number","2"
"solution","2"
".net-assembly","2"
"oracle-adf","2"
"robotics-studio","2"
"gui-toolkit","2"
"pixel","2"
"with-statement","2"
"low-level","2"
"modem","2"
"nvidia","2"
"redundancy","2"
"java1.4","2"
"canvas","2"
"extern-c","2"
"steganography","2"
"ndepend","2"
"wikipedia","2"
"ocsp","2"
"decorator","2"
"platform-agnostic","2"
"usbserial","2"
"egg","2"
"continuations","2"
"information-management","2"
"folder","2"
"cappuccino","2"
"permutation","2"
"records","2"
"ar-mailer","2"
"xpath-2.0","2"
"jsonp","2"
"emma","2"
"find","2"
"delegation","2"
"rhel","2"
"projection","2"
"bootstrapping","2"
"6502","2"
"acceptance-testing","2"
"exim","2"
"ncurses","2"
"redistributable","2"
"label","2"
"primes","2"
"hashcode","2"
"browser-automation","2"
"w3c","2"
"bitmapeffect","2"
"rotation","2"
"uikit","2"
"message-queue","2"
"remote-working","2"
"googlebot","2"
"z80","2"
"refresh","2"
"spotlight","2"
"tcl","2"
"column-width","2"
"uitextview","2"
"nss","2"
"attachment","2"
"web-based","2"
"identity","2"
"postgis","2"
"crc","2"
"shockwave","2"
"nameservers","2"
"sequence-diagram","2"
"rule-engine","2"
"outlook-2007","2"
"oracle9i","2"
"blind","2"
"hostname","2"
"merb","2"
"file-conversion","2"
"hierarchy","2"
"bstr","2"
"builder","2"
"greatest-n-per-group","2"
"postfix-mta","2"
"client-side","2"
"admin","2"
"substring","2"
"virus","2"
"powerbuilder","2"
"spring-mvc","2"
"touch-typing","2"
"spring-aop","2"
"timtowtdi","2"
"cpu-cycles","2"
"import-from-excel","2"
"tinyxml","2"
"shuffle","2"
"discrete-mathematics","2"
"passenger","2"
"dependency-properties","2"
"web-standards","2"
"readonly","2"
"httpcontext","2"
"keypress","2"
"gitignore","2"
"sinclair","2"
"sybase-ase","2"
"frontpage","2"
"intranet","2"
"runtime.exec","2"
"template-engine","2"
"hierarchical-clustering","2"
"neural-network","2"
"sql-order-by","2"
"full-trust","2"
"processor","2"
"vsta","2"
"rapi","2"
"osgi","2"
"pyqt","2"
"wse","2"
"blend","2"
"datagram","2"
"cas","2"
"cab","2"
"bpm","2"
"mail-server","2"
"fop","2"
"shoulda","2"
"visualsvn","2"
"icomparable","2"
"fluent-interface","2"
"quality-center","2"
"quartz-composer","2"
"include-guards","2"
"software-quality","2"
"activestate","2"
"xcopy","2"
"biginteger","2"
"many-to-many","2"
"tokenize","2"
"using-statement","2"
"photogrammetry","2"
"docx","2"
"typeof","2"
"design-time","2"
"codedom","2"
"dao","2"
"simulation","2"
"syntax-rules","2"
"komodo","2"
"explicit","2"
"boost-serialization","2"
"rxvt","2"
"computational-geometry","2"
"custom-controls","2"
"clob","2"
"ordinals","2"
"policy-injection","2"
"filesize","2"
"decimal","2"
"unsafe","2"
"antlr","2"
"beautifulsoup","2"
"distro","2"
"chartfx","2"
"interface-design","2"
"industrial","2"
"django-templates","2"
"return-value","2"
"ngen","2"
"sqlncli","2"
"modalpopupextender","2"
"backgroundworker","2"
"pg-dump","2"
"securityexception","2"
"alter-table","2"
"doc","2"
"javaspaces","2"
"codehighlighter","2"
"server-configuration","2"
"parallels","2"
"padding","2"
"keyboard-hook","2"
"tclientdataset","2"
"skinning","2"
"adsi","2"
"drupal-6","2"
"javax.imageio","2"
"video-game-consoles","2"
"sum","2"
"load-data-infile","2"
"monads","2"
"associative-array","2"
"dos2unix","2"
"plone","2"
"lucene.net","2"
"qt4","2"
"sql-server-2005-express","2"
"paypal","2"
"splines","2"
"nslookup","2"
"anti-join","2"
"perl-critic","2"
"xsl-fo","2"
"m4a","2"
"inputstream","2"
"platform","2"
"easymock","2"
"word-vba","2"
"bdd","2"
"denial-of-service","2"
"qemu","2"
"gtk2","2"
"splash-screen","2"
"flat-file","2"
"custom-component","2"
"code-behind","2"
"read-eval-print-loop","2"
"data-modeling","2"
".net-attributes","2"
"vb6-migration","2"
"laconica","2"
"git-stash","2"
"seaside","2"
"sandcastle","2"
"apc","2"
"color-management","2"
"el","2"
"system-integration","2"
"instantiation","2"
"design-principles","2"
"griffon","2"
"interactive","2"
"postal-code","2"
"handle","2"
"location","2"
"app-code","2"
"message-passing","2"
"jedit","2"
"blogger","2"
"credentials","2"
"ora-00942","2"
"compiler-theory","2"
"cldc","2"
"maskededitextender","2"
"subclass","2"
"precompiled-headers","2"
"python-2.7","2"
"finalize","2"
"ipod","2"
"public","2"
"fit-framework","2"
"nintendo-ds","2"
"code-completion","2"
"line-endings","2"
"lock-free","2"
"duplication","2"
"fft","2"
"credit-card","2"
"getter-setter","2"
"popularity","2"
"database-project","2"
"has-and-belongs-to-many","2"
"jaxer","2"
"7zip","2"
"restart","2"
"jvm-languages","2"
"mappoint","2"
"lotusscript","2"
"autocompleteextender","2"
"name-decoration","2"
"hpc","2"
"evaluation","2"
"protected","2"
"instant-messaging","2"
"hostheaders","2"
"mamp","2"
"shoutcast","2"
"uitableview","2"
"passwd","2"
"ssi","2"
"call","2"
"python-3.x","2"
"glibc","2"
"photo","2"
"elmah","2"
"python-datamodel","2"
"esri","2"
"xmlreader","2"
"a-star","2"
"gzip","2"
"eclipseme","2"
"value-type","2"
"psychology","2"
"graceful-degradation","2"
"partial-methods","2"
"hosts","2"
"distance","2"
"packing","2"
"wordpress-theming","2"
"http-get","2"
"68000","2"
"byte-order-mark","2"
"html-parsing","2"
"playstation-portable","2"
"office-2003","2"
"screen","2"
"subdomain","2"
"rubinius","2"
"put","2"
"nagios","2"
"medium-trust","2"
"defensive-programming","2"
"reliability","2"
"postscript","2"
"ignore","2"
"xpc-target","2"
"response","2"
"fedex","2"
"toplink","2"
"urlconnection","2"
"ws-eventing","2"
"gd","2"
"init","2"
"cs3","2"
"perl6","2"
"aspell","2"
"multiple-inheritance","2"
"sfinae","2"
"teamcity","2"
"mobile-safari","2"
"ajax.net","2"
"javamail","2"
"file-sharing","2"
"createprocess","2"
"drawstring","2"
"language-implementation","2"
"flickr","2"
"carbon","2"
"word-wrap","2"
"rounding","2"
"foreign-keys","2"
"advertising","2"
"sync","2"
"yahoo-maps","2"
"mode","2"
"code-translation","2"
"bigtable","2"
"submit","2"
"custom-action","2"
"shareware","2"
"shellexecute","2"
"urllib2","2"
"file-management","2"
"perldoc","2"
"rgb","2"
"traffic","2"
"runtime-error","2"
"erb","2"
"white","2"
"polygon","2"
"freeware","2"
"duplicate-removal","2"
"test-and-set","2"
"regression","2"
"section508","2"
"email-validation","2"
"clock","2"
"mod-php","2"
"xterm","2"
"yacc","2"
"blogengine.net","2"
"router","2"
"mbr","2"
"yield","2"
"datatemplate","2"
"dbml","2"
"gamma","2"
"social-networking","2"
"findbugs","2"
"com+","2"
"evc","2"
"eventlog-source","2"
"header-files","2"
"hidden-markov-models","2"
"slug","2"
"rpn","2"
"iostream","2"
"css-position","2"
"linguistics","2"
"sidebar","2"
"data-visualization","2"
"phpdoc","2"
"external-process","2"
"titlebar","2"
"erp","2"
"ehcache","2"
"google-reader","2"
"gpl","2"
"asn.1","2"
"reverse-proxy","2"
"broken-pipe","2"
"saleslogix","2"
"product-management","2"
"simplexml","2"
"windows-shell","2"
"wolfram-mathematica","2"
"word-2007","2"
"alignment","2"
"beta","2"
"wildcard-subdomain","2"
"diffie-hellman","2"
"php4","2"
"rfc5545","2"
"stateserver","2"
"svnkit","2"
"debug-build","2"
"bho","2"
"izpack","2"
"wrappanel","2"
"stingray","2"
"analytics","2"
"sbcl","2"
"web-frameworks","2"
"selenium-rc","2"
"sunone","2"
"url-routing","2"
"bitmask","2"
"parent-child","2"
"java-io","2"
"reorderlist","2"
"matplotlib","2"
"response.redirect","2"
"dht","2"
"ajp","2"
"tr1","2"
"electronics","2"
"flashdevelop","2"
"variable-types","2"
"datatrigger","2"
"entity-attribute-value","2"
"pool","2"
"rad","2"
"geolocation","2"
"integer-overflow","2"
"alpha","2"
"duck-typing","2"
"anonymous-inner-class","2"
"wndproc","2"
"on-disk","2"
"combinations","2"
"sites","2"
"multicast","2"
"mpi","2"
"simd","2"
"myspace","2"
"objective-j","2"
"migrate","2"
"keystore","2"
"heap-memory","2"
"project-organization","2"
"twisted","2"
"breadth-first-search","2"
"windows-authentication","2"
"action","2"
"group-by","2"
"sas","2"
"get","2"
"abstract-class","2"
"lcd","2"
"suse","2"
"edit-distance","2"
"p2","2"
"html4","2"
"zend-studio","2"
"amd-processor","2"
"mac-address","2"
"soundex","2"
"anonymous-types","2"
"cxf","2"
"outer-join","2"
"isolatedstorage","2"
"e4x","2"
"directoryservices","2"
"yum","2"
"acrobat","2"
"modularity","2"
"myisam","2"
"wap","2"
"message","2"
"django-authentication","2"
"mailto","2"
"css-float","2"
"mpeg","2"
"information-hiding","2"
"mutable","2"
"pkg-config","2"
"optical-drive","2"
"quadtree","2"
"google-docs","2"
"capitalize","2"
"youtube","2"
"fileshare","2"
"buffer-overflow","2"
"freetext","2"
"ocr","2"
"postsharp","2"
"alphanumeric","2"
"antialiasing","2"
"margins","2"
"perl-module","2"
"anonymous-methods","2"
"administrator","2"
"arduino","2"
"usrp","2"
"pass-by-reference","2"
"dblink","2"
"mvcroutehandler","2"
"msde","2"
"collision-detection","2"
"scaffolding","2"
"rfc2445","2"
"webpage","2"
"mediawiki-extensions","1"
"sp-send-dbmail","1"
"sco-unix","1"
"time-precision","1"
"etag","1"
"excel-2002","1"
"cube","1"
"viewdata","1"
"outlining","1"
"singleton-methods","1"
"smo","1"
"headless","1"
"alt.net","1"
"patching","1"
"listitem","1"
"bda","1"
"oledbconnection","1"
"process-elevation","1"
"monodevelop","1"
"nlog","1"
"shapesheet","1"
"sprite","1"
"secondlife","1"
"oracleexception","1"
"http-status-code-401","1"
"occlusion","1"
"symmetric-key","1"
"tomcat5.5","1"
"dwr","1"
"blocked","1"
"peoplesoft","1"
"bounding-box","1"
"system-status","1"
"ltk","1"
"padleft","1"
"synchronized","1"
"linear-programming","1"
"type-safety","1"
"hotfix","1"
"dynamic-analysis","1"
"workitem","1"
"rrdtool","1"
"xhtml-1.0-strict","1"
"xlwt","1"
"tagfile","1"
"genetic-algorithm","1"
"visualworks","1"
"avi","1"
"this","1"
"cherry-pick","1"
"linklabel","1"
"spring-el","1"
"virtual-directory","1"
"package-explorer","1"
"packet-capture","1"
"rsrc","1"
"delete-file","1"
"fade","1"
"timage","1"
"wicket","1"
"pull","1"
"cryptographicexception","1"
"strip","1"
"jts","1"
"android-scripting","1"
"proj4js","1"
"castle-dynamicproxy","1"
"footer","1"
"brokenimage","1"
"xunit.net","1"
"printdialog","1"
"undef","1"
"javax.script","1"
"sqlcmd","1"
"qtkit","1"
"occasionallyconnected","1"
"suppressfinalize","1"
"p4v","1"
"tapestry","1"
"slackware","1"
"fuse","1"
"distributed-cache","1"
"brief-bookmarks","1"
"stage","1"
"core-graphics","1"
"embeddedwebserver","1"
"filter","1"
"dynamics-gp","1"
"connectexception","1"
"qr-code","1"
"user32","1"
"stackexchange-api","1"
"stamp","1"
"overhead","1"
"average","1"
"scenarios","1"
"payment","1"
"char","1"
"speech","1"
"directsound","1"
"zbuffer","1"
"nhibernate-mapping","1"
"license-key","1"
"control-array","1"
"sugarcrm","1"
"reverse","1"
"handlers","1"
"getclientrect","1"
"ear","1"
"jmeter","1"
"cifs","1"
"rpath","1"
"imagemap","1"
"delimiter","1"
"mysql-parameter","1"
"heisenbug","1"
"sql-execution-plan","1"
"mms","1"
"hypotenuse","1"
"alfresco","1"
"near-real-time","1"
"smartphone","1"
"xpi","1"
"tweak","1"
"documentation-generation","1"
"hadoop","1"
"modbus","1"
"open-closed-principle","1"
"dailybuilds","1"
"logrotate","1"
"lookup-tables","1"
"dock","1"
"working-remotely","1"
"virtual-hosts","1"
"eclipse-jdt","1"
"cognos-8","1"
"interpolation","1"
"wsdl2java","1"
"matrix-inverse","1"
"iso-3166","1"
"uddi","1"
"rave-reports","1"
"envdte","1"
"nhaml","1"
"names","1"
"sqlite3","1"
"asdf","1"
"emc","1"
"multiple-domains","1"
"autoproxy","1"
"proguard","1"
"oracleforms","1"
"object-initializers","1"
"tabcontrol","1"
"out-of-band","1"
"qnx","1"
"materialized-views","1"
".nettiers","1"
"int","1"
"query-optimization","1"
"dabo","1"
"plot","1"
"wso2carbon","1"
"xact","1"
"url-parsing","1"
"curl-language","1"
"sgen","1"
"jslint","1"
"adobe-captivate","1"
"web-inf","1"
"dbi","1"
"c64","1"
"mouse-cursor","1"
"cqwp","1"
"bittorrent","1"
"groupbox","1"
"realbasic","1"
"numeric","1"
"fxsl","1"
"pentaho","1"
"static-block","1"
"phpmyid","1"
"voice","1"
"jce","1"
"variadic","1"
"sessionfactory","1"
"jscript.net","1"
"msg","1"
"vmalloc","1"
"timedelay","1"
"window-messages","1"
"email-bounces","1"
"silent-post","1"
"callcc","1"
"php-5.3","1"
"dasblog","1"
"xml-literals","1"
"blog-engine","1"
"3gp","1"
"xstream","1"
"authorize.net","1"
"agi","1"
"dword","1"
"popen","1"
"auto-indent","1"
"permissionset","1"
"select-n-plus-1","1"
"custom-tag","1"
"sid","1"
"formview","1"
"sqlmetal","1"
"merge-conflict-resolution","1"
"dip-principle","1"
"viper","1"
"locbaml","1"
"log-analysis","1"
"selectedindexchanged","1"
"language-theory","1"
"nosql","1"
"cmmi","1"
"jbpm","1"
"dynamic-links","1"
"ansi","1"
"pki","1"
"moodle","1"
"autoit","1"
"fogbugz-on-demand","1"
"gettime","1"
"image-archive","1"
"image-rendering","1"
"next-generation-plugin","1"
"iokit","1"
"documentum","1"
"cautoptr","1"
"processmodel","1"
"fractals","1"
"urlencode","1"
"scopeguard","1"
"ora-00933","1"
"stripes","1"
"capitalization","1"
"copy-protection","1"
"user-testing","1"
"qfe","1"
"dynamic-binding","1"
"tomahawk","1"
"algebra","1"
"ibm-datapower","1"
"httprequest","1"
"oauth","1"
"postdata","1"
"sieve-of-eratosthenes","1"
"removable-drive","1"
"eclipse-rcp","1"
"invariants","1"
"accessor","1"
"authkit","1"
"teambuilding","1"
"disk-partitioning","1"
"usb-drive","1"
"scrollwheel","1"
"computability","1"
"gpu","1"
"websphere-6.1","1"
"openbd","1"
"mdb2","1"
"skip","1"
"apartments","1"
"reportbuilder","1"
"cfquery","1"
"cfqueryparam","1"
"blat","1"
"mercurial-hook","1"
"google-code","1"
"arithmetic-expressions","1"
"autosize","1"
"geotagging","1"
"8bit","1"
"hashchange","1"
"cobertura","1"
"pathfinder","1"
"hint","1"
"cout","1"
"flicker","1"
"ora-06512","1"
"reportlab","1"
"svn-externals","1"
"p4merge","1"
"adhoc-queries","1"
"purify","1"
"event-based-programming","1"
"cad","1"
"colorize","1"
"boundary","1"
"pure-virtual","1"
"selectedvalue","1"
"ftps","1"
"code-comments","1"
"coff","1"
"compiler-optimization","1"
"quicken","1"
"woodstock","1"
"tree-traversal","1"
"windows-firewall","1"
"private","1"
"pragma","1"
"autotest","1"
"non-lazy-ptr","1"
"cql","1"
"advanceddatagrid","1"
"type-constraints","1"
"repost","1"
"btrieve","1"
"oci","1"
"factory-method","1"
"tibco","1"
"tic-tac-toe","1"
"contextpath","1"
"zsh","1"
"transactionscope","1"
"jasper-reports","1"
"dateadd","1"
"boot","1"
"v8","1"
"procmail","1"
"power-management","1"
"manifest","1"
"bankers-rounding","1"
"thread-local","1"
"handles","1"
"cpython","1"
"automated-deploy","1"
"imacros","1"
"radrails","1"
"accelerometer","1"
"mod-wsgi","1"
"pdb","1"
"file-organization","1"
"xib","1"
"tfs-express","1"
"remote-administration","1"
"social-media","1"
"myfaces","1"
"lifecycle","1"
"cracking","1"
"scanning","1"
"phantom-reference","1"
"subset","1"
"webresource.axd","1"
"web2py","1"
"bios","1"
"lazy-c++","1"
"subdomains","1"
"rebase","1"
"delta","1"
"class-diagram","1"
"threadx","1"
"cag","1"
"octree","1"
"nasm","1"
"text-formatting","1"
"disassembling","1"
"rights","1"
"swfobject","1"
"audio-analysis","1"
"django-forms","1"
"serversocket","1"
"discover","1"
"voronoi","1"
"visual-studio-2008-sp1","1"
"clearquest","1"
"dashboard","1"
"textselection","1"
"jscrollpane","1"
"wcag","1"
"progress-db","1"
"codebase","1"
"kde","1"
"subfolder","1"
"tapi","1"
"init.d","1"
"publishing","1"
"managed-code","1"
"qmail","1"
"bi-lingual","1"
"branding","1"
"registration","1"
"clustered-index","1"
"encryption-symmetric","1"
"glob","1"
"ecma262","1"
"distributed-computing","1"
"server.mappath","1"
"user-agent","1"
"server-core","1"
"priority-queue","1"
"sql-types","1"
"pnunit","1"
"wcf-data-services","1"
"uat","1"
"adodb-php","1"
"gml","1"
"zipinputstream","1"
"document-view","1"
"nvelocity","1"
"mdsd","1"
"opensocial","1"
"linkbutton","1"
"mashup","1"
"duplex","1"
"gallery","1"
"pervasive","1"
"xmlspy","1"
"printdocument","1"
"sml","1"
"web","1"
"readdirectorychangesw","1"
"hash-function","1"
"add","1"
"sharing","1"
"global-state","1"
"carbide","1"
"cd-burning","1"
"fragmentation","1"
"mod-rails","1"
"vtl","1"
"delaunay","1"
"main","1"
"anchor","1"
"ml","1"
"processstartinfo","1"
"unmodifiable","1"
"pspsdk","1"
"bouncycastle","1"
"front-controller","1"
"reentrant","1"
"database-relations","1"
"comvisible","1"
"esql","1"
"vim-plugin","1"
"actionmailer","1"
"visitors","1"
"wait","1"
"kmalloc","1"
"sp-help-operator","1"
"codeblocks","1"
"openal","1"
"tablesorter","1"
"doublebuffered","1"
"geometry-surface","1"
"browser-cache","1"
"bugzscout","1"
"stack-overflow","1"
"gql","1"
"mysql5","1"
"excel-2003","1"
"openfire","1"
"path-finding","1"
"plugin.xml","1"
"1wire","1"
"str-replace","1"
"cplex","1"
"jnlp","1"
"pessimistic-locking","1"
"linux-kernel","1"
"after-effects","1"
"altova","1"
"hud","1"
"std-pair","1"
"shell-exec","1"
"google-cse","1"
"ektron","1"
"adonetappender","1"
"donations","1"
"tail","1"
"runnable","1"
"homoiconicity","1"
"yellow-screen-of-death","1"
"xpand","1"
"color-channel","1"
"mongodb","1"
"gtd","1"
"form-data","1"
"darwin","1"
"objectoutputstream","1"
"pecl","1"
"multi-targeting","1"
"redirectwithcookies","1"
"stateful","1"
"composite","1"
"shorthand-if","1"
"dropdownextender","1"
"glyph","1"
"artificial-life","1"
"resultset","1"
"overwrite","1"
"preprocessor-directive","1"
"automator","1"
"xml-attribute","1"
"color-picker","1"
"digg","1"
"aio","1"
"zabbix","1"
"tiling","1"
"slurp","1"
"application-onerror","1"
"asp.net-mvc-routing","1"
"width","1"
"toolstripitem","1"
"prado","1"
"stateless-session-bean","1"
"instaweb","1"
"key-value","1"
"lightwindow","1"
"lookup","1"
"oodbms","1"
"mvcc","1"
"gambling","1"
"traversal","1"
"thread-dump","1"
"tidy","1"
"updates","1"
"metalanguage","1"
"linegraph","1"
"centos5","1"
"cin","1"
"multiplayer","1"
"xml-parsing","1"
"xmlbeans","1"
"database-tuning-advisor","1"
"graph-layout","1"
"postmortem-debugging","1"
"interprocess","1"
"intersystems-cache","1"
"servlet-filters","1"
"vr","1"
"jdedwards","1"
"mmap","1"
"fibplus","1"
"resolutions","1"
"linearization","1"
"nonclient","1"
"text-align","1"
"scmbug","1"
"markov-models","1"
"local-security-policy","1"
"deployment-descriptor","1"
"lsof","1"
"perl-data-structures","1"
"wininet","1"
"imposition","1"
"dimensional-modeling","1"
"superset","1"
"explorer","1"
"polling","1"
"offline-mode","1"
"continue","1"
"nearest-neighbor","1"
"k2","1"
"current-dir","1"
"union","1"
"loading","1"
"j#","1"
"obout","1"
"eclipse-emf","1"
"reddit","1"
"datareader","1"
"dtrace","1"
"effects","1"
"debuggervisualizer","1"
"define-syntax","1"
"google-desktop-search","1"
"html-email","1"
"indesign","1"
"cisco-ios","1"
"zend-pdf","1"
"insert-id","1"
"primitive","1"
"ipv6","1"
"punbb","1"
"windows-xp-embedded","1"
"chess","1"
"data-transfer-objects","1"
"exit","1"
"vim-syntax-highlighting","1"
"wso2","1"
"floating-accuracy","1"
"ui-virtualization","1"
"selectedindex","1"
"no-cache","1"
"progress-4gl","1"
"modalpopups","1"
"import-contacts","1"
"postmessage","1"
"test-data","1"
"ingres","1"
"semweb","1"
"policy","1"
"phusion","1"
"data-formats","1"
"jcomponent","1"
"new-operator","1"
"spyware","1"
"progressive-enhancement","1"
"dav","1"
"unpivot","1"
"introspection","1"
"text-comparison","1"
"application-data","1"
"shopping-cart","1"
"directoryinfo","1"
"ase","1"
"robots.txt","1"
"ncr","1"
"gaussian","1"
"explain-plan","1"
"nt4","1"
"partial-application","1"
"remote-access","1"
"hyperion","1"
"lan","1"
"gantt-chart","1"
"rhino","1"
"proof","1"
"ordereddictionary","1"
"container-file","1"
"monitor","1"
"wcf-routing","1"
"cdata","1"
"sdl-mixer","1"
"bdc","1"
"rounding-error","1"
"reduce","1"
"code-collaborator","1"
"wrapping","1"
"rtti","1"
"use-case","1"
"varargs","1"
"preview-5","1"
"privilege","1"
"recipe","1"
"reconnect","1"
"gif","1"
"winpe","1"
"innerhtml","1"
"snap-framework","1"
"sign","1"
"fixed","1"
"parrot","1"
"qdialog","1"
"mysql-error-1093","1"
"temperature","1"
"owner","1"
"distractions","1"
"protx","1"
"xml-nil","1"
"linq-to-nhibernate","1"
"logic-programming","1"
"inject","1"
"cd","1"
"chroot","1"
"vm-implementation","1"
"yui-grids","1"
"tramp","1"
"game-loop","1"
"simplexmlrpcserver","1"
"tar","1"
"multimap","1"
"genshi","1"
"application-settings","1"
"sxs","1"
"tui","1"
"html-compression","1"
"nptl","1"
"embedded-language","1"
"boost-python","1"
"conditional-statements","1"
"capacity-planning","1"
"zlib","1"
"ledit","1"
"jdeveloper","1"
"oc4j","1"
"static-variables","1"
"quine","1"
"coldfusion-8","1"
"microsoft-bits","1"
"membership-provider","1"
"aim","1"
"drift","1"
"symbol-table","1"
"trading","1"
"wstring","1"
"shdocvw","1"
"phpundercontrol","1"
"netbios","1"
"logfiles","1"
"entropy","1"
"user-environment","1"
"combinatorics","1"
"specs","1"
"gobject","1"
"incremental-search","1"
"app-launcher","1"
"title-case","1"
"invoke","1"
"dynamic-url","1"
"multiple-dispatch","1"
"textile","1"
"crtp","1"
"imagelist","1"
"xmlrpclib","1"
"dep","1"
"slicehost","1"
"method-invocation","1"
"software-design","1"
"bindinglist","1"
"gal","1"
"vimpulse","1"
"sproutcore","1"
"testcomplete","1"
"mojo","1"
"mailing-list","1"
"tlbexp","1"
"system-calls","1"
"local","1"
"shared-directory","1"
"vtable","1"
"apache-poi","1"
"microblogging","1"
"database-schema","1"
"stax","1"
"simulator","1"
"demoscene","1"
"image-editor","1"
"voting","1"
"iis-modules","1"
"cvi","1"
"ocp","1"
"boolean-logic","1"
"edit-control","1"
"multiple-instances","1"
"skype","1"
"mod-jk","1"
"trialware","1"
"stsadm","1"
"project-structure","1"
"iec10967","1"
"google-finance","1"
"broadband","1"
"database-cursor","1"
"sparse-matrix","1"
"spartan","1"
"svk","1"
"swc","1"
"addclass","1"
"adobe-illustrator","1"
"html-lists","1"
"mikroc","1"
"wdk","1"
"superpreview","1"
"primary-interop-assembly","1"
"custom-url-protocol","1"
"choice","1"
"backlog","1"
"jfreechart","1"
"mtj","1"
"multimedia","1"
"ndis","1"
"compiler-directives","1"
"fgets","1"
"webtrends","1"
"xpsdocument","1"
"axes","1"
"mta","1"
"jvlc","1"
"tix","1"
"csh","1"
"wmd","1"
"xargs","1"
"kdevelop","1"
"anonymous-objects","1"
"bids","1"
"typelib","1"
"em","1"
"ospf","1"
"social","1"
"appearance","1"
"mru","1"
"transmission","1"
"autopostback","1"
"programming-paradigms","1"
"p-np","1"
"jaxp","1"
"rapidxml","1"
"imdb","1"
"mstdc","1"
"routed-events","1"
"tempdir","1"
"miktex","1"
"npapi","1"
"nsdateformatter","1"
"checkout","1"
"tcplistener","1"
"sqldmo","1"
"hessian","1"
"scroll-lock","1"
"dbexpress","1"
"dbx","1"
"querying","1"
"rack","1"
"malformedurlexception","1"
"packets","1"
"human-computer-interface","1"
"ice","1"
"adaptor","1"
"downgrade","1"
"gsm","1"
"ipfw","1"
"isolation-level","1"
"google-authentication","1"
"jbuilder","1"
"robust","1"
"row-number","1"
"allegro","1"
"valgrind","1"
"sam","1"
"jmf","1"
"halt","1"
"mixer","1"
"textmatebundles","1"
"static-linking","1"
"similarity","1"
"unshelve","1"
"untagged","1"
"member-function-pointers","1"
"bootcamp","1"
"pyramid","1"
"scripting-language","1"
"lighting","1"
"type-theory","1"
"glib","1"
"glsl","1"
"distributed-transactions","1"
"pgo","1"
"race-condition","1"
"strict-aliasing","1"
"java-metro-framework","1"
"window-handles","1"
"salt","1"
"crt","1"
"toolstrip","1"
"rounded-corners","1"
"jconnect","1"
"console-scraping","1"
"bpel","1"
"font-face","1"
"css-sprites","1"
"trust","1"
"frame-rate","1"
"ucs2","1"
"repository-design","1"
"adjacency-list-model","1"
"multi-tenant","1"
"jdepend","1"
"plagiarism-detection","1"
"cardinality","1"
"pts","1"
"pyglet","1"
"floating-point-precision","1"
"author","1"
"iterable","1"
"variadic-functions","1"
"systray","1"
"wmf","1"
"atlassian-fisheye","1"
"actionview","1"
"clean-language","1"
".net-micro-framework","1"
"native-code","1"
"archiva","1"
"stringio","1"
"ironpython-studio","1"
"color-scheme","1"
"server-side-scripting","1"
"krypton-toolkit","1"
"datepicker","1"
"novell","1"
"watir","1"
"byte","1"
"statusstrip","1"
"stlport","1"
"keystroke","1"
"hibernate-search","1"
"hit-highlighting","1"
"textblock","1"
"class-hierarchy","1"
"customvalidator","1"
"string-parsing","1"
"jboss-rules","1"
"apache-commons-fileupload","1"
"utc","1"
"set-theory","1"
"release-builds","1"
"firewatir","1"
"essbase","1"
"superfish","1"
"swfloader","1"
"wcat","1"
"truss","1"
"iptables","1"
"initializer","1"
"foaf","1"
"google-chrome-devtools","1"
"high-load","1"
"war","1"
"mysql-error-2006","1"
"intersystems","1"
"subtree","1"
"songbird","1"
"mason","1"
"transaction-log","1"
"natural-join","1"
"soap-extension","1"
"visibility","1"
"language-interoperability","1"
"setup-project","1"
"etw","1"
"can","1"
"sysdba","1"
"viewport3d","1"
"jtextfield","1"
"electronic-signature","1"
"commission-junction","1"
"xaf","1"
"sqlite2","1"
"c-strings","1"
"gcj","1"
"pellet","1"
"ieaddon","1"
"standard-library","1"
"browser-detection","1"
"factory-pattern","1"
"file-type","1"
"string-formatting","1"
"supplementary","1"
"linked-list","1"
"angle","1"
"crossdomain.xml","1"
"securestring","1"
"reformat","1"
"ometa","1"
"parameterized","1"
"vertical-alignment","1"
"sigpipe","1"
"cscope","1"
"jprofiler","1"
"vectorization","1"
"gadt","1"
"revisions","1"
"freeze","1"
"application-server","1"
"typewatch","1"
"self-reference","1"
"interbase","1"
"2-digit-year","1"
"blending","1"
"google-checkout","1"
"custom-errors","1"
"maxstringcontentlength","1"
"health-monitoring","1"
"reserved-words","1"
"compositing","1"
"haslayout","1"
"scintilla","1"
"fwrite","1"
"perl-tidy","1"
"bouncedemail","1"
"solr","1"
"associations","1"
"listings","1"
"constraintexception","1"
"array-initialize","1"
"xslkey","1"
"stdio","1"
"framebuffer","1"
"character-limit","1"
"bezier-curve","1"
"configurationsection","1"
"expect","1"
"spinner","1"
"circular-dependency","1"
"mocha","1"
"3d-engine","1"
"yarv","1"
"sql-delete","1"
"railo","1"
"trinidad","1"
"ext3","1"
"testng","1"
"annotate","1"
"cdc","1"
"sdl-image","1"
"dbase","1"
"ownership-semantics","1"
"x-sendfile","1"
"onchange","1"
"gcal","1"
"datarow","1"
"css-reset","1"
"edit","1"
"windows-share","1"
"treecontrol","1"
"spf","1"
"google-api-js-client","1"
"microchip","1"
"libc","1"
"cursors","1"
"image-enhancement","1"
"shake","1"
"infinite-loop","1"
"rights-management","1"
"hig","1"
"qualifiers","1"
"typemock","1"
"user-defined-fields","1"
"sspi","1"
"case-tools","1"
"preconditions","1"
"scriptlet","1"
"href","1"
"abstract-syntax-tree","1"
"soap4r","1"
"wise","1"
"plugin-architecture","1"
"simpletest","1"
"shelve","1"
"groovyshell","1"
"webservicetemplate","1"
"windows-vista-software","1"
"wacom","1"
"currentculture","1"
"stopwatch","1"
"akamai","1"
"thread-static","1"
"mod-proxy","1"
"squirrel","1"
"fragment-identifier","1"
"html-entities","1"
"dataset-designer","1"
"webinvoke","1"
"gas","1"
"nservicebus","1"
"file-extension","1"
"assemblyinfo","1"
"workspace","1"
"facade","1"
"windows-mobile-5.0","1"
"process-monitoring","1"
"pywin","1"
"wtk","1"
"intel-atom","1"
"list-definition","1"
"lazylist","1"
"shape","1"
"javasound","1"
"repr","1"
"read-committed-snapshot","1"
"filezilla","1"
"hammingweight","1"
"undefined-behavior","1"
"type-punning","1"
"declaration","1"
"spool","1"
"bde","1"
"relativesource","1"
"separating-axis-theorem","1"
"data-scrubbing","1"
"sparse-checkout","1"
"grub","1"
"mit-scratch","1"
"r-faq","1"
".htpasswd","1"
"identity-operator","1"
"frequency","1"
"before-filter","1"
"sony","1"
"regexbuddy","1"
"startswith","1"
"eclipse-ecf","1"
"selinux","1"
"hierarchical-trees","1"
"advantage-database-server","1"
"agile-processes","1"
"backslash","1"
"banking","1"
"visualtreehelper","1"
"externalizing","1"
"bufferedimage","1"
"case-insensitive","1"
"datasource","1"
"wifi","1"
"function-points","1"
"paginator","1"
"python-idle","1"
"changelog","1"
"dnspython","1"
"jdb","1"
"scoring","1"
"msxml","1"
"setinterval","1"
"cj","1"
"short","1"
"tfs-migration","1"
"desktop-wallpaper","1"
"atexit","1"
".sbr","1"
"driver","1"
"asp.net-mvc-migration","1"
"proxypass","1"
"embedded-resource","1"
"blurry","1"
"phpmyadmin","1"
"calculator","1"
"frames","1"
"fuzzy","1"
"viemu","1"
"jtextpane","1"
"max","1"
"cabal","1"
"crc-cards","1"
"itunesconnect","1"
"return-type","1"
"mysql-error-1451","1"
"currying","1"
"dicom","1"
"ajaxcontroltoolkit","1"
"thrift","1"
"apex-code","1"
"late-binding","1"
"shoes","1"
"stocks","1"
"behavior","1"
"datawindow","1"
"dsn","1"
"commit","1"
"exploit","1"
"pda","1"
"post-increment","1"
"predicate","1"
"ejbql","1"
"actualwidth","1"
"sakai","1"
"database-integrity","1"
"jagged-arrays","1"
"linden-scripting-language","1"
"motion-detection","1"
"sql-server-mobile","1"
"typerex","1"
"bounds-checker","1"
"virtual-drive","1"
"conditional-operator","1"
"corrupt","1"
"scsf","1"
"video-card","1"
"eof","1"
"errorformat","1"
"signed","1"
"astoria","1"
"fixture","1"
"unity-container","1"
"javacc","1"
"oscache","1"
"aspmenu","1"
"brewmp","1"
"application-start","1"
"alert","1"
"duration","1"
"dmg","1"
"xrandr","1"
"corpus","1"
"biometrics","1"
"mount","1"
"fieldset","1"
"gdata-api","1"
"pop","1"
"restructuredtext","1"
"file-transfer","1"
"multiprocessing","1"
"clockrates","1"
"schannel","1"
"photography","1"
"database-administration","1"
"lossy-compression","1"
"pageviews","1"
"infrastructure","1"
"uberjar","1"
"starter-kits","1"
"websphere-mq","1"
"windows-7","1"
"firephp","1"
"title","1"
"pressed","1"
"qabstractlistmodel","1"
"visualvm","1"
"jfilechooser","1"
"xmlwriter","1"
"bgp","1"
"mask","1"
"reset","1"
"response.write","1"
"visualsvn-server","1"
"clipping","1"
"sip","1"
"bam","1"
"rdfs","1"
"finder","1"
"windows-live","1"
"opendocument","1"
"disaster-recovery","1"
"jtapi","1"
"codewarrior","1"
"data-conversion","1"
"xinclude","1"
"rating","1"
"pitch-tracking","1"
"matlab-compiler","1"
"cpu-registers","1"
"loopback","1"
"upsert","1"
"hal","1"
"crash-dumps","1"
"jad","1"
"droppable","1"
"equivalence","1"
"windows-forms-designer","1"
"opencv","1"
"mechanize","1"
"can-bus","1"
"apache-coccoon","1"
"spatial","1"
"ssl-certificate","1"
"system-testing","1"
"onpaint","1"
"os-dependent","1"
"weather","1"
"libreoffice","1"
"file-exists","1"
"selectall","1"
"vocabulary","1"
"activetcl","1"
"inference","1"
"developer-machine","1"
"publish","1"
"explicit-constructor","1"
"libxml2","1"
"calibration","1"
"time-t","1"
"procedure","1"
"ipsec","1"
"runtime-compilation","1"
"approximate-nn-searching","1"
"comparison-operators","1"
"jls","1"
"pi","1"
"sqlcommand","1"
"version-control-migration","1"
"long-integer","1"
"mdiparent","1"
"concrete-syntax-tree","1"
"hci","1"
"static-constructor","1"
"appsettings","1"
"presentation-model","1"
"eclipse-m2t-jet","1"
"sprint","1"
"jmockit","1"
"medical","1"
"scope-creep","1"
"sorted","1"
"unobtrusive-javascript","1"
"operator-keyword","1"
"windows-98","1"
"summary","1"
"observers","1"
"webos","1"
"user-management","1"
"crash-reports","1"
"global.asa","1"
"rules","1"
"xtext","1"
"sap-r3","1"
"recursive-descent","1"
"pyexcelerator","1"
"true-type-fonts","1"
"unzip","1"
"eol","1"
"observer-pattern","1"
"simulated-annealing","1"
"convention","1"
"wallpaper","1"
"opensolaris","1"
"resolveurl","1"
"spl","1"
"db4o","1"
"long-lines","1"
"svn-administraton","1"
"basic","1"
"phing","1"
"common-table-expression","1"
"irrlicht","1"
"mencoder","1"
"merb-auth","1"
"mesh","1"
"nullpointerexception","1"
"security-roles","1"
"itemlistener","1"
"badge","1"
"submission","1"
"transactional-memory","1"
"sqlxml","1"
"dijkstra","1"
"datalist","1"
"spring-security","1"
"proj4","1"
"static-resource","1"
"bitarray","1"
"netstat","1"
"reward","1"
"data-type-conversion","1"
"android-emulator","1"
"window-style","1"
"websphere-commerce","1"
"ttl","1"
"date-range","1"
"exponentiation","1"
"virtual-ip-address","1"
"data-consistency","1"
"corruption","1"
"classname","1"
"usagepatterns","1"
"blowfish","1"
"snk","1"
"arbitrary-precision","1"
"git-rebase","1"
"bidi","1"
"yuv","1"
"crontab","1"
"force.com","1"
"webtop","1"
"tree-structure","1"
"boost-bind","1"
"live-meeting","1"
"concat","1"
"devforce","1"
"treenode","1"
"option","1"
"connector","1"
"css3","1"
"fluent-nhibernate","1"
"soft-delete","1"
"article","1"
"msvcrt","1"
"code-conversion","1"
"markov-chains","1"
"mod-ssl","1"
"rightfax","1"
"classwizard","1"
"ui-guidelines","1"
"weak-references","1"
"n95","1"
"minimize","1"
"wow64","1"
"noborder","1"
"website-monitoring","1"
"versioninfo","1"
"zeroconf","1"
"freepascal","1"
"path-variables","1"
"coderush","1"
"animationextender","1"
"nonblank","1"
"google-moderator","1"
"partial-views","1"
"xa","1"
"vbo","1"
"bounce","1"
"ultragrid","1"
"ftell","1"
"utility","1"
"pooling","1"
"background-image","1"
"zipoutputstream","1"
"dita","1"
"ellipse","1"
"dynamic-pages","1"
"youtube-api","1"
"copy-item","1"
"data-mining","1"
"viewer","1"
"geotargetting","1"
"database-performance","1"
"mysql-error-1071","1"
"rfc3339","1"
"rdp","1"
"ldap-query","1"
"real-mode","1"
"double-click","1"
"siebel","1"
"renderer","1"
"pass-by-value","1"
"database-partitioning","1"
"connections","1"
"convex-optimization","1"
"quartz-scheduler","1"
"bcel","1"
"jxl","1"
"double-submit-problem","1"
"click-through","1"
"16-bit","1"
"rmiregistry","1"
"dst","1"
"git-gc","1"
"mathml","1"
"stringstream","1"
"non-printable","1"
"visitor-statistic","1"
"counting","1"
"log4cpp","1"
"xlrd","1"
"listeners","1"
"rad-controls","1"
"user-accounts","1"
"nmake","1"
"language-comparisons","1"
"mapreduce","1"
"pex","1"
"pasteboard","1"
"unions","1"
"stringbuilder","1"
"windows-nt","1"
"throw","1"
"ole-automation","1"
"pylint","1"
"runlevel","1"
"arcobjects","1"
"python-sphinx","1"
"getopt-long","1"
"pydev","1"
"wmv","1"
"asp.net-3.5","1"
"database-connectivity","1"
"throttle","1"
"immediate-window","1"
"beta-testing","1"
"ppp","1"
"hwnd","1"
"nsmanagedobject","1"
"gsoap","1"
"taskmanager","1"
"standardized","1"
"detailsview","1"
"hbm","1"
"data-retrieval","1"
"fcgid","1"
"param","1"
"libvirt","1"
"interaction","1"
"google-ajax-api","1"
"ejb-2.x","1"
"jacl","1"
"word-frequency","1"
"epoll","1"
"swig","1"
"rome","1"
"instance-variables","1"
"keyevent","1"
"protocol-buffers","1"
"testdriven.net","1"
"data-manipulation","1"
"file-copying","1"
"type-slicing","1"
"command-prompt","1"
"mbeans","1"
"image-comparison","1"
"digital-certificate","1"
"axis2","1"
"test-plan","1"
"xla","1"
"extendscript","1"
"spidermonkey","1"
"socketexception","1"
"zend-debugger","1"
"template-meta-programming","1"
"boost-lambda","1"
"iphone-sdk-2","1"
"eclipse-api","1"
"webproject","1"
"misra","1"
"ejb-jar.xml","1"
"truthiness","1"
"zfs","1"
"javascript-debugger","1"
"xmlsocket","1"
"jquery-ui-sortable","1"
"ln","1"
"asp.net-compiler","1"
"transformation","1"
"mathematical-optimization","1"
"red5","1"
"high-speed-computing","1"
"event-driven","1"
"google-adwords","1"
"image-caching","1"
"raiserror","1"
"new-style-class","1"
"notimplementedexception","1"
"content-encoding","1"
"help-authoring","1"
"tomcat6","1"
"ntext","1"
"lines","1"
"dig","1"
"adp","1"
"drupal-theming","1"
"cfml","1"
"pep8","1"
"popupmenu","1"
"rft","1"
"upstart","1"
"efs","1"
"directive","1"
"kalman-filter","1"
"nightly-build","1"
"statsvn","1"
"farseer","1"
"concave","1"
"jsplitpane","1"
"ftp-client","1"
"table-variable","1"
".net-framework-version","1"
"lazy-evaluation","1"
"look-and-feel","1"
"ushort","1"
"declarative","1"
"append","1"
"text-extraction","1"
"clientscriptmanager","1"
"printer-control-language","1"
"auto-build","1"
"putty","1"
"associative","1"
"placeholder","1"
"quicksilver","1"
"post-mortem","1"
"class-variables","1"
"size-t","1"
"stylus-pen","1"
"jlabel","1"
"pimpl-idiom","1"
"unhandled","1"
"ioc-container","1"
"relational-algebra","1"
"messagebox","1"
"autoconf","1"
"hotdeploy","1"
"double-underscore","1"
"web-farm","1"
"boost-signals","1"
"function-exit","1"
"python-2.5","1"
"knapsack-problem","1"
"dynamic-programming","1"
"directed-acyclic-graphs","1"
"notificationservices","1"
"serialversionuid","1"
"asp.net-routing","1"
"forwarding","1"
"int32","1"
"pdf-scraping","1"
"binsor","1"
"bitbucket","1"
"restlet","1"
"identity-column","1"
"mda","1"
"icloneable","1"
"non-virtual-interface","1"
"sql-like","1"
"instruction-set","1"
"calculated-columns","1"
"jdesktoppane","1"
"assertions","1"
"cairngorm","1"
"sqldatareader","1"
"nntp","1"
"diagramming","1"
"string-split","1"
"jtds","1"
"typeloadexception","1"
"u2","1"
"instrumentation","1"
"sequence","1"
"tlabel","1"
"columnname","1"
"controlfile","1"
"create-guid","1"
"keynote","1"
"san","1"
"oracle-sqldeveloper","1"
"dependency-management","1"
"pango","1"
"syntactic-sugar","1"
"wpm","1"
"godi","1"
"sitecore","1"
"compound-key","1"
"client-server","1"
"slice","1"
"codesmith","1"
"phone-number","1"
"finalizer","1"
"ndoc","1"
"union-all","1"
"lsp","1"
"quickreports","1"
"manager","1"
"diskimage","1"
"eclipse-wtp","1"
"jseparator","1"
"wurfl","1"
"maxrequestlength","1"
"libnet","1"
"cots","1"
"redefine","1"
"cultureinfo","1"
"epg","1"
"java-2d","1"
"sift","1"
"dirtyrectangle","1"
"urlscan","1"
"internalsvisibleto","1"
"bigdecimal","1"
"marklogic","1"
"typo3","1"
"suckerfish","1"
"oaw","1"
"information-schema","1"
"django-users","1"
"django-views","1"
"masstransit","1"
"graphing","1"
"slider","1"
"batch-processing","1"
"getaddrinfo-a","1"
"tkinter-canvas","1"
"contains","1"
"networkstream","1"
"security-testing","1"
"virtual","1"
"significance","1"
"key-storage","1"
"subtext","1"
"adobe-reader","1"
"mergesort","1"
"wildcard-mapping","1"
"soapui","1"
"row-height","1"
"normalize","1"
"dvorak","1"
"sscanf","1"
"gps-time","1"
"menubar","1"
"string-building","1"
"openbsd","1"
"splint","1"
"localreport","1"
"audio-player","1"
"quote","1"
"double-quotes","1"
"modularization","1"
"findcontrol","1"
"random-access","1"
"vimdiff","1"
"signals-slots","1"
"parent","1"
"non-clustered-index","1"
"machine-language","1"
"strawberry-perl","1"
"mvvm","1"
"jini","1"
"forums","1"
"genuinechannels","1"
"pyopenssl","1"
"vcard","1"
"oql","1"
"xmldatasource","1"
"trayicon","1"
"side-effects","1"
"remote-branch","1"
"getdirectories","1"
"provisioning","1"
"wso2developerstudio","1"
"delphi-2007","1"
"sourcegear-vault","1"
"tradeoff","1"
"excel-2007","1"
"php-safe-mode","1"
"soappy","1"
"easyphp","1"
"portal-system","1"
"tiddlywiki","1"
"appfuse","1"
".net-client-profile","1"
"roi","1"
"csg","1"
"netbeans6.1","1"
"date-format","1"
"psycopg2","1"
"workflow-activity","1"
"circuit","1"
"marquee","1"
"dss","1"
"datacontext","1"
"mouseover","1"
"the-little-schemer","1"
"rm","1"
"key-value-coding","1"
"zsi","1"
"candidate","1"
"nvarchar","1"
"sql-convert","1"
"file-traversal","1"
"validationsummary","1"
"tips-and-tricks","1"
"prerequisites","1"
"raster","1"
"termination","1"
"two-connection-limit","1"
"code-cleanup","1"
"toolstripbutton","1"
"ssds","1"
"data-quality","1"
"worker-process","1"
"zedgraph","1"
"keychain","1"
"netmon","1"
"scsi","1"
"oracle11g","1"
"oracle-coherence","1"
"ienumerable","1"
"ctypes","1"
"eclipse-3.2","1"
"control-flow","1"
"bits","1"
"mediaelement","1"
"decode","1"
"nsmanagedobjectcontext","1"
"ie-mobile","1"
"magicknet","1"
"google-toolbar","1"
"hammer","1"
"mod-python","1"
"hdd","1"
"highlight","1"
"sql-job","1"
"mmc","1"
"simplemodal","1"
"framework-caching","1"
"rolap","1"
"trusted-vs-untrusted","1"
"page-directives","1"
"calling-convention","1"
"lf","1"
"bounding","1"
"outlook-2003","1"
"ami","1"
"desktop-shortcut","1"
"lob","1"
"py2exe","1"
"wix3","1"
"chatbot","1"
"regasm","1"
"fantom","1"
"fastinfoset","1"
"calendarextender","1"
"twiki","1"
"vmware-tools","1"
"teechart","1"
"dvd-burning","1"
"preloader","1"
"corba","1"
"generator-expression","1"
"filechannel","1"
"tail-recursion","1"
"xmldataprovider","1"
"ws-security","1"
"taskbar","1"
"dead-reckoning","1"
"absolute-path","1"
"wii","1"
"w3c-validation","1"
"multiplatform","1"
"aero","1"
"core","1"
"saxon","1"
"primary-key","1"
"remoteobject","1"
"xforms","1"
"webchartcontrol","1"
"mdns","1"
"system-information","1"
"transparent","1"
"quicksort","1"
"indexer","1"
"publicdomain","1"
"js2-mode","1"
"monthcalendar","1"
"pygame","1"
"universe","1"
"abap","1"
"setuid","1"
"defaultbutton","1"
"dof-file","1"
"indy","1"
"macports","1"
"penetration-testing","1"
"implicit-conversion","1"
"opera","1"
"portable-applications","1"
"std","1"
"plan-9","1"
"dynamic-websites","1"
"hibernate-tools","1"
"c#-3.0","1"
"pattern-recognition","1"
"axacropdf","1"
"asmx","1"
"hcard","1"
"data-integrity","1"
"grid-computing","1"
"terminal-emulator","1"
"access-modifiers","1"
"git-commit","1"
"complete","1"
"large-data-volumes","1"
"microsoft-sync-framework","1"
"model-driven-development","1"
"auto-increment","1"
"flex-lexer","1"
"y-combinator","1"
"jface","1"
"authsub","1"
"boxing","1"
"functional-testing","1"
"httpservice","1"
"ksoap","1"
"selenium-grid","1"
"literals","1"
"telerik","1"
"html-agility-pack","1"
"key-management","1"
"psd","1"
"document","1"
"capslock","1"
"raise","1"
"pic18","1"
"levenshtein-distance","1"
"country-codes","1"
"datagridviewcheckboxcell","1"
"maven-scm","1"
"webresponse","1"
"trending","1"
"signed-applet","1"
"instance","1"
"smartsvn","1"
"typing","1"
"iso","1"
"evolutionary-algorithm","1"
"vms","1"
"embedded-jboss","1"
"entities","1"
"catalyst","1"
"windows-server","1"
"inline-assembly","1"
"file-manager","1"
"logical-operators","1"
"logparser","1"
"method-chaining","1"
"hbase","1"
"sharedservicesprovider","1"
"adjustable","1"
"double-byte","1"
"activation","1"
"renderpartial","1"
"solution-explorer","1"
"accordion","1"
"multipart","1"
"modification-form","1"
"truecrypt","1"
"pagerank","1"
"wampserver","1"
"classcastexception","1"
"generic-list","1"
"service-factory","1"
"wav","1"
"rar","1"
"public-method","1"
"irc","1"
"sha1","1"
"websphere-ce","1"
"aiml","1"
"hyperterminal","1"
"private-methods","1"
"cascade-filtering","1"
"auto-versioning","1"
"multiparameter","1"
"rightnow-crm","1"
"neighbours","1"
"autofield","1"
"devkitpro","1"
"mmc3","1"
"linkage","1"
"thinkpad","1"
"vdi","1"
"inbound","1"
"acid","1"
"actionlink","1"
"rcf","1"
"sfauthorizationpluginview","1"
"verifyerror","1"
"django-deployment","1"
"contravariance","1"
"dynamic-compilation","1"
"playback","1"
"thttpd","1"
"feed","1"
"finalization","1"
"json.net","1"
"dbus","1"
"pugs","1"
"binary-data","1"
"xbox","1"
"rails-activerecord","1"
"ews","1"
"proc-open","1"
"java-3d","1"
"disposable","1"
"usb-flash-drive","1"
"jax-ws","1"
"pyobjc","1"
"httpresponse","1"
"cardspace","1"
"nfsclient","1"
"qualified","1"
"normal-distribution","1"
"github","1"
"ems","1"
"validationrules","1"
"mercurial-queue","1"
"elf","1"
"dwarf","1"
"commit-message","1"
"onclick","1"
"ctags","1"
"netfilter","1"
"webclient","1"
"webpart-connection","1"
"collapsable","1"
"notin","1"
"clique","1"
"javabeans","1"
"datetime-select","1"
"outlook-envelope-icon","1"
"render","1"
"delphi-7","1"
"reference-type","1"
"certificate-authority","1"
"prolog","1"
"legend","1"
"source-monitor","1"
"semantic-markup","1"
"embedded-control","1"
"largenumber","1"
"awtrobot","1"
"application-cache","1"
"graphical-logo","1"
"shortcut","1"
"vistadb","1"
"biztalk-2006","1"
"esxi","1"
"eclipse-cdt","1"
"data-driven","1"
"composition","1"
"view-source-chart","1"
"reference-counting","1"
"escrow","1"
"resourcebundle","1"
"relational-database","1"
"cscript","1"
"savefiledialog","1"
"prettify","1"
"config","1"
"space-partitioning","1"
"lotus-domino","1"
"aggregation","1"
"sqldatasource","1"
"manuals","1"
"ternary-operator","1"
"jhat","1"
"remote-execution","1"
"php-5.2","1"
"regional","1"
"powerpc","1"
"synthesis","1"
"webservice-client","1"
"website-metrics","1"
"ivr","1"
"game-theory","1"
"var","1"
"openlaszlo","1"
"localconnection","1"
"materialized","1"
"adc","1"
"sitemesh","1"
"microsoft.mshtml","1"
"xml-spreadsheet","1"
"pmp","1"
"bison","1"
"status","1"
"ini-set","1"
"des","1"
"symfony1","1"
"stomp","1"
"flashlite","1"
"rman","1"
"geronimo","1"
"sablecc","1"
"perfmon","1"
"mcafee","1"
"quartz-2d","1"
"noclassdeffounderror","1"
"al.exe","1"
"ankhsvn","1"
"wmplib","1"
"xulrunner","1"
"crashrpt","1"
"where","1"
"phpbb","1"
"named-scope","1"
"server-variables","1"
"libvlc","1"
"reversing","1"
"derived","1"
"docking","1"
"parsec","1"
"pyopengl","1"
"xna-3.0","1"
"web-reference","1"
"nsautoreleasepool","1"
"cal","1"
"freemarker","1"
"instanceof","1"
"proxy-classes","1"
"fseek","1"
"xmlslurper","1"
"salesforce","1"
"imaging","1"
"3-tier","1"
"nsdate","1"
"manifest.mf","1"
"virtualhost","1"
"linkedin","1"
"gurobi","1"
"task-tracking","1"
"safety-critical","1"
"git-clone","1"
"sqlcompare","1"
"winpcap","1"
"project-server","1"
"max-path","1"
"embedded-flashplayer","1"
"indexed","1"
"ellipsis","1"
"createinstance","1"
"cross-language","1"
"web-ide","1"
"datetime-format","1"
"permgen","1"
"strict","1"
"dr.watson","1"
"jbossmq","1"
"chickenfoot","1"
"self-hosting","1"
"package-managers","1"
"labwindows","1"
"embedding","1"
"rollover","1"
"f-bounded-polymorphism","1"
"itanium","1"
"conways-game-of-life","1"
"deepzoom","1"
"editmode","1"
"deterministic","1"
"interpreted-language","1"
"mylyn","1"
"c#-2.0","1"
"hungarian-notation","1"
"git-merge","1"
"acoustics","1"
"genetic-programming","1"
"photo-management","1"
"include-path","1"
"increment","1"
"docstring","1"
"vfw","1"
"bootable","1"
"strtotime","1"
"tool-rec","1"
"exit-code","1"
"export-to-excel","1"
"sourceforge","1"
"rotatetransform","1"
"skins","1"
"selecteditem","1"
"outputcache","1"
"zend-server","1"
"terminal-services","1"
"autostart","1"
".net-4.0","1"
"console.writeline","1"
"fxruby","1"
"exim4","1"
"ntpd","1"
"exc-bad-access","1"
"controlpanel","1"
"umount","1"
"friend","1"
"syntax-checking","1"
"selectionmodel","1"
"internal","1"
"regedit","1"
"static-typing","1"
"ply","1"
"rich-internet-application","1"
"urllib","1"
"jbossws","1"
"winhelp","1"
"winscp","1"
"wma","1"
"iso-8859-1","1"
"metabase","1"
"lazy-registration","1"
"smarthost","1"
"eager","1"
"class-method","1"
"scatter","1"
"specifier","1"
"errno","1"
"pci-dss","1"
"smooth","1"
"archive","1"
"appbar","1"
"directshow","1"
"s60","1"
"code-metrics","1"
"dynamic-linking","1"
"c++builder-2009","1"
"visual-inheritance","1"
"bonjour","1"
"oid","1"
"connect-by","1"
"zune","1"
"pickle","1"
"flowchart","1"
"system.io.directory","1"
"url-redirection","1"
"type-library","1"
"maml","1"
"formula","1"
"random-seed","1"
"recurrence","1"
"regioninfo","1"
"oci8","1"
"nan","1"
"meta-inf","1"
"lcm","1"
"documents","1"
"external-application","1"
"password-protection","1"
"jscompress","1"
"jotm","1"
"future","1"
"io-redirection","1"
"final","1"
"cdecl","1"
"table","1"
"pack","1"
"programdata","1"
"backgroundrb","1"
"rootfs","1"
"srp","1"
"xampp","1"
"zebra-printers","1"
"ceiling","1"
"tint","1"
"save","1"
"ironclad","1"
"pdfa","1"
"mailitem","1"
"prefix","1"
"cellid","1"
"shell-extensions","1"
"winlogon","1"
"er-diagrams","1"
"amfphp","1"
"ddos","1"
"defragmentation","1"
"schedule","1"
"isapi-rewrite","1"
"mixed-mode","1"
"xfce","1"
"codepages","1"
"dynamic-controls","1"
"softkeys","1"
"x12","1"
"cmake","1"
"mysql-error-1044","1"
"dashcode","1"
"poeaa","1"
"optimistic-locking","1"
"drupal-views","1"
"structure","1"
"tbb","1"
"jgrapht","1"
"uidatepicker","1"
"squirrel-sql","1"
"shebang","1"
"retrospectives","1"
"onstart","1"
"database-testing","1"
"lift","1"
"comadmin","1"
"load-time-weaving","1"
"binary-log","1"
"resin","1"
"survey","1"
"tango","1"
"buffered","1"
"mobile-devices","1"
"mod-alias","1"
"aspnet-regiis.exe","1"
"vlc","1"
"cross-join","1"
"htmlbridge","1"
"app-config","1"
"isam","1"
"code-by-voice","1"
"var-dump","1"
"chunked-encoding","1"
"ui-testing","1"
"mysql.sock","1"
"encryption-asymmetric","1"
"enter","1"
"ora-00932","1"
"jsse","1"
"client-side-scripting","1"
"revision-history","1"
"uniqueidentifier","1"
"carchive","1"
"bpl","1"
"method-call","1"
"wcs","1"
"strongname","1"
"pagertemplate","1"
"star-schema","1"
"ogre3d","1"
"isp-principle","1"
"loaderlock","1"
"conditional-formatting","1"
"memory-address","1"
"recurring","1"
"sqlexception","1"
"mailman","1"
"wmd-editor","1"
"code-golf","1"
"cycle","1"
"units-of-measurement","1"
"gets","1"
"spamassassin","1"
"visual-tree","1"
"jersey","1"
"server-push","1"
"pseudocode","1"
"error-checking","1"
"fizzbuzz","1"
"ironspeed","1"
"word-automation","1"
"rootkit","1"
"trace","1"
"ffi","1"
"egovernment","1"
"text-analysis","1"
"dotnetnuke-module","1"
"tinyos","1"
"iphelper","1"
"maildir","1"
"generative-programming","1"
"artifacts","1"
"rebuild","1"
"dual-table","1"
"native-methods","1"
"webdriver","1"
"dbnull","1"
"gyroscope","1"
"robohelp","1"
"arrows","1"
"git-add","1"
"moviecliploader","1"
"page-break","1"
"django-urls","1"
"source-filter","1"
"lint","1"
"data-files","1"
"poppler","1"
"getresponsestream","1"
"recycle-bin","1"
"request.form","1"
"xcode-template","1"
"variadic-macro","1"
"desktop-sharing","1"
"adfs","1"
"scientific-notation","1"
"foundationkit","1"
"remoteapp","1"
"motif","1"
"wrapper","1"
"bibtex","1"
"left-join","1"
"auto-ptr","1"
"spring-modules","1"
"uiapplication","1"
"ads","1"
"typography","1"
"sql-server-2012","1"
"django-models","1"
"moniker","1"
"ilmerge","1"
"j-security-check","1"
"jspinclude","1"
"comctl32","1"
"oltp","1"
"datestamp","1"
"fgetpos","1"
"filesplitting","1"
"brownfield","1"
"suo","1"
"heredoc","1"
"webtest","1"
"event-binding","1"
"worksheet-function","1"
"yguard","1"
"scoping","1"
"specman","1"
"endpoints","1"
"c++builder-6","1"
"aac+","1"
"custom-draw","1"
"mtom","1"
"error-code","1"
"deprecated","1"
"arcgis","1"
"tfs-workitem","1"
"2phase-commit","1"
"runonce","1"
"xml-editor","1"
"sql-insert","1"
"tabbed-document-interface","1"
"activeresource","1"
"siteminder","1"
"enterprise-manager","1"
"likely-unlikely","1"
"spn","1"
"bulk","1"
"libwww-perl","1"
"aspectj","1"
"castor","1"
"reusability","1"
"usergroups","1"
"quickcheck","1"
"package","1"
"oracleclient","1"
"hlsl","1"
"waveform","1"
"lotus","1"
"base-class","1"
"lambda-calculus","1"
"mousewheel","1"
"avl-tree","1"
"corporate-policy","1"
"hackage","1"
"disk-smart","1"
"build.xml","1"
"ssd","1"
"xmp","1"
"totals","1"
"servercontrols","1"
"arrow","1"
"sortable-tables","1"
"intermittent","1"
"deployment-project","1"
"turbopower","1"
"smlnj","1"
"tasklist","1"
"accelerator","1"
"httponly","1"
"base-conversion","1"
"xll","1"
"commenting","1"
"boost-random","1"
"promotions","1"